1	44	1
1	245	1
1	6	1
1	7	1
1	477	1
1	8	1
1	5	1
1	799	1
1	187	1
2	12	1
2	334	1
2	16	1
2	375	1
2	14	1
3	19	1
3	8	1
3	1365	1
3	145	1
3	18	1
3	25	1
3	394	1
3	30	1
3	353	1
3	636	1
3	20	1
3	32	1
3	160	1
3	31	1
3	459	1
4	38	1
4	467	1
4	36	1
4	39	1
5	46	1
5	43	1
5	1963	1
5	44	1
5	77	1
5	804	1
5	42	1
6	305	1
6	53	1
6	49	1
6	54	1
6	48	1
6	50	1
6	47	1
7	1425	1
7	60	1
7	44	1
7	158	1
7	55	1
8	65	1
8	68	1
8	61	1
8	172	1
8	532	1
8	211	1
8	63	1
8	50	1
8	62	1
8	250	1
9	6	1
9	70	1
9	42	1
9	651	1
9	7	1
9	72	1
9	604	1
9	1038	1
9	73	1
10	79	1
10	83	1
10	8	1
10	1442	1
11	8	1
11	88	1
11	636	1
12	337	1
12	90	1
12	1327	1
12	2394	1
12	308	1
12	94	1
13	109	1
13	97	1
13	8	1
13	422	1
13	105	1
13	99	1
14	104	1
14	38	1
14	103	1
14	7	1
14	73	1
14	599	1
14	105	1
15	106	1
15	8	1
15	1929	1
15	278	1
16	1144	1
16	113	1
16	114	1
16	96	1
16	8	1
16	111	1
16	202	1
17	246	1
17	118	1
17	119	1
17	123	1
17	8	1
17	50	1
17	345	1
18	125	1
18	79	1
18	126	1
18	129	1
18	180	1
18	375	1
19	155	1
19	637	1
19	173	1
19	38	1
19	414	1
19	135	1
19	8	1
20	138	1
20	6	1
20	1393	1
20	2	1
20	136	1
20	768	1
21	19	1
21	141	1
21	144	1
21	50	1
21	696	1
22	734	1
22	147	1
22	121	1
22	145	1
22	149	1
22	515	1
23	657	1
23	151	1
23	275	1
24	1499	1
24	19	1
24	8	1
24	50	1
24	70	1
24	157	1
25	158	1
25	159	1
25	43	1
25	163	1
25	523	1
25	893	1
25	185	1
26	171	1
26	42	1
26	66	1
26	162	1
26	507	1
26	169	1
26	166	1
26	199	1
26	341	1
26	53	1
26	651	1
27	79	1
27	173	1
27	174	1
27	172	1
28	305	1
28	65	1
28	211	1
28	2	1
28	1073	1
28	1071	1
29	545	1
29	53	1
29	304	1
29	183	1
29	66	1
29	185	1
29	31	1
29	184	1
29	286	1
29	160	1
30	231	1
30	177	1
30	189	1
31	196	1
31	5	1
31	198	1
31	199	1
31	195	1
31	193	1
31	1442	1
32	19	1
32	200	1
32	227	1
32	463	1
32	202	1
32	401	1
32	266	1
33	105	1
33	206	1
33	203	1
33	346	1
33	515	1
33	391	1
33	94	1
34	145	1
34	77	1
34	209	1
34	545	1
34	38	1
35	70	1
35	5	1
35	213	1
35	216	1
35	214	1
35	768	1
35	219	1
36	50	1
36	173	1
36	482	1
36	206	1
37	128	1
37	226	1
37	227	1
37	228	1
37	88	1
37	1224	1
37	8	1
38	312	1
38	232	1
38	231	1
38	230	1
38	113	1
38	111	1
38	63	1
39	235	1
39	626	1
39	234	1
39	238	1
39	1128	1
39	236	1
39	70	1
40	597	1
40	240	1
40	171	1
40	1819	1
40	247	1
40	43	1
40	246	1
40	239	1
40	245	1
40	242	1
40	244	1
40	241	1
40	6	1
41	422	1
41	516	1
41	162	1
41	253	1
41	90	1
41	249	1
41	248	1
42	305	1
42	370	1
42	256	1
42	6	1
42	1302	1
42	47	1
42	258	1
42	823	1
42	212	1
43	331	1
43	47	1
43	211	1
43	402	1
43	128	1
44	265	1
44	61	1
44	263	1
44	112	1
44	266	1
44	62	1
44	331	1
45	273	1
45	155	1
45	29	1
46	278	1
46	111	1
46	30	1
46	331	1
46	211	1
46	814	1
46	276	1
46	6	1
47	281	1
47	5	1
47	280	1
47	554	1
47	579	1
47	143	1
48	169	1
48	8	1
48	2382	1
48	285	1
48	160	1
48	73	1
48	287	1
48	288	1
48	77	1
49	25	1
49	289	1
49	1626	1
49	278	1
49	643	1
50	103	1
50	1327	1
50	291	1
50	295	1
50	851	1
50	294	1
50	278	1
50	96	1
51	103	1
51	304	1
51	8	1
51	296	1
51	50	1
51	300	1
52	1414	1
52	301	1
52	303	1
52	96	1
52	29	1
52	909	1
52	119	1
52	302	1
53	307	1
53	309	1
53	9	1
53	303	1
53	305	1
54	214	1
54	400	1
54	312	1
54	314	1
54	315	1
54	114	1
54	295	1
55	758	1
55	314	1
55	522	1
55	540	1
55	50	1
55	83	1
55	46	1
56	79	1
56	322	1
56	321	1
56	263	1
56	308	1
56	254	1
56	323	1
57	9	1
57	328	1
57	97	1
57	327	1
58	331	1
58	330	1
58	501	1
58	248	1
58	69	1
58	333	1
58	419	1
58	288	1
58	50	1
59	79	1
59	216	1
59	168	1
59	266	1
59	336	1
59	21	1
59	879	1
60	339	1
60	163	1
60	248	1
60	287	1
60	8	1
60	55	1
60	1329	1
60	342	1
60	340	1
60	209	1
60	1364	1
60	337	1
60	642	1
61	8	1
61	344	1
61	150	1
61	79	1
61	173	1
61	187	1
61	250	1
62	304	1
62	7	1
62	42	1
62	203	1
62	250	1
62	215	1
62	330	1
62	345	1
62	815	1
63	350	1
63	254	1
63	654	1
64	242	1
64	355	1
64	357	1
64	5	1
64	44	1
64	354	1
64	1656	1
64	160	1
64	1806	1
64	1582	1
64	7	1
65	252	1
65	234	1
65	326	1
65	8	1
65	359	1
65	604	1
65	1463	1
66	94	1
66	811	1
66	90	1
66	305	1
66	155	1
66	464	1
66	361	1
66	144	1
66	50	1
66	802	1
67	331	1
67	177	1
67	261	1
67	50	1
67	79	1
67	327	1
68	368	1
68	79	1
68	277	1
69	103	1
69	370	1
69	373	1
69	801	1
70	375	1
70	180	1
70	61	1
70	1327	1
70	1192	1
70	177	1
71	376	1
71	377	1
71	8	1
72	30	1
72	382	1
72	288	1
72	304	1
72	145	1
73	1545	1
73	49	1
73	1761	1
73	1365	1
73	848	1
73	386	1
73	387	1
74	123	1
74	99	1
74	2	1
74	83	1
74	387	1
74	382	1
74	254	1
75	77	1
75	278	1
75	38	1
75	1319	1
75	1302	1
75	168	1
75	253	1
75	391	1
76	734	1
76	83	1
76	235	1
76	163	1
76	369	1
76	394	1
77	214	1
77	397	1
77	218	1
78	200	1
78	312	1
78	261	1
78	1082	1
78	360	1
78	402	1
78	308	1
80	103	1
80	138	1
80	397	1
80	1692	1
80	42	1
80	838	1
80	114	1
81	331	1
81	65	1
81	105	1
81	422	1
81	187	1
81	83	1
81	414	1
81	8	1
82	173	1
82	416	1
82	187	1
82	418	1
82	163	1
82	8	1
83	714	1
83	419	1
83	207	1
83	63	1
83	1723	1
83	420	1
83	397	1
84	97	1
84	423	1
84	422	1
84	31	1
84	585	1
84	288	1
84	42	1
85	971	1
85	427	1
85	305	1
85	534	1
85	724	1
85	428	1
85	27	1
86	1071	1
86	45	1
86	431	1
86	65	1
86	37	1
87	8	1
87	248	1
87	309	1
87	436	1
87	65	1
87	330	1
87	202	1
88	112	1
88	441	1
88	143	1
88	1119	1
88	70	1
88	438	1
88	440	1
89	50	1
89	300	1
89	121	1
89	444	1
89	711	1
89	305	1
89	5	1
90	3	1
90	6	1
90	8	1
90	840	1
90	61	1
90	112	1
90	50	1
91	1365	1
91	228	1
91	382	1
91	44	1
91	122	1
92	100	1
92	291	1
92	614	1
92	260	1
92	214	1
92	341	1
92	451	1
92	1509	1
93	454	1
93	214	1
93	412	1
93	227	1
93	455	1
93	38	1
93	8	1
93	82	1
93	94	1
94	79	1
94	457	1
94	586	1
94	442	1
94	458	1
94	456	1
94	8	1
95	1777	1
95	464	1
95	463	1
95	811	1
95	3	1
95	353	1
96	180	1
96	465	1
96	454	1
96	331	1
96	637	1
96	467	1
96	468	1
97	43	1
97	359	1
97	79	1
97	50	1
97	83	1
98	507	1
98	988	1
98	330	1
98	106	1
98	472	1
98	302	1
98	475	1
99	477	1
99	479	1
99	476	1
99	428	1
99	478	1
99	5	1
100	459	1
100	1629	1
100	668	1
100	248	1
101	915	1
101	20	1
101	206	1
101	203	1
101	274	1
101	187	1
101	214	1
102	768	1
102	488	1
102	2	1
103	499	1
103	304	1
103	498	1
103	143	1
104	1726	1
104	127	1
104	561	1
104	61	1
104	501	1
104	193	1
104	278	1
105	504	1
105	31	1
105	19	1
105	73	1
105	68	1
105	66	1
106	355	1
106	506	1
106	2441	1
106	288	1
106	20	1
106	6	1
106	173	1
106	507	1
106	359	1
107	45	1
107	82	1
107	508	1
107	340	1
108	211	1
108	47	1
108	331	1
108	8	1
108	515	1
108	375	1
108	216	1
109	516	1
109	61	1
109	8	1
109	275	1
109	237	1
109	517	1
109	114	1
110	173	1
110	66	1
110	8	1
110	637	1
110	206	1
111	218	1
111	523	1
111	521	1
111	61	1
111	203	1
111	163	1
112	7	1
112	523	1
112	446	1
112	145	1
112	522	1
112	55	1
113	265	1
113	25	1
113	1305	1
114	163	1
114	82	1
114	305	1
114	444	1
114	585	1
114	53	1
114	376	1
114	643	1
114	534	1
115	768	1
115	1144	1
115	539	1
115	493	1
115	104	1
115	540	1
115	1546	1
116	143	1
116	44	1
116	61	1
116	174	1
117	200	1
117	50	1
117	1032	1
117	248	1
117	216	1
117	901	1
117	552	1
117	143	1
117	451	1
117	162	1
117	2141	1
117	545	1
117	348	1
117	258	1
118	79	1
118	115	1
118	305	1
118	62	1
118	554	1
118	354	1
118	482	1
118	96	1
119	8	1
119	950	1
119	333	1
119	113	1
119	557	1
119	722	1
119	159	1
120	162	1
120	558	1
120	114	1
120	79	1
120	585	1
120	47	1
120	9	1
120	145	1
121	454	1
121	8	1
121	304	1
121	305	1
121	1602	1
122	50	1
122	138	1
122	180	1
122	103	1
122	375	1
122	561	1
122	254	1
123	196	1
123	171	1
123	266	1
123	563	1
124	353	1
124	32	1
124	1128	1
124	173	1
124	187	1
124	532	1
124	569	1
124	168	1
125	6	1
125	73	1
125	42	1
125	331	1
125	187	1
125	572	1
125	768	1
126	575	1
126	50	1
126	673	1
126	569	1
127	1557	1
127	579	1
127	580	1
127	578	1
128	305	1
128	145	1
128	418	1
128	38	1
128	25	1
128	143	1
128	8	1
128	19	1
128	173	1
129	53	1
129	104	1
129	1458	1
129	275	1
129	588	1
129	585	1
129	348	1
129	187	1
129	47	1
129	304	1
129	586	1
130	590	1
130	21	1
130	765	1
130	631	1
130	70	1
130	61	1
130	6	1
131	1165	1
131	595	1
131	278	1
131	594	1
132	112	1
132	597	1
132	596	1
132	187	1
132	247	1
132	236	1
132	8	1
133	599	1
133	316	1
133	1394	1
133	600	1
133	596	1
133	288	1
133	73	1
133	160	1
133	601	1
133	168	1
134	99	1
134	2	1
134	242	1
134	155	1
134	7	1
134	68	1
134	360	1
135	242	1
135	604	1
135	759	1
135	322	1
135	7	1
135	82	1
135	8	1
136	61	1
136	544	1
136	202	1
136	1048	1
136	248	1
136	8	1
137	369	1
137	545	1
137	145	1
137	254	1
137	235	1
137	50	1
137	8	1
138	304	1
138	286	1
138	79	1
138	1255	1
138	94	1
138	245	1
139	278	1
139	79	1
139	478	1
140	420	1
140	1127	1
140	620	1
140	90	1
140	624	1
140	643	1
140	579	1
141	359	1
141	1165	1
141	234	1
141	203	1
141	1463	1
141	974	1
141	594	1
141	625	1
141	609	1
141	96	1
141	507	1
142	1623	1
142	163	1
142	288	1
142	320	1
142	446	1
142	668	1
143	305	1
143	6	1
143	632	1
143	199	1
143	630	1
143	276	1
144	451	1
144	195	1
144	281	1
144	248	1
144	65	1
144	582	1
144	32	1
144	8	1
145	637	1
145	636	1
145	243	1
145	357	1
145	278	1
146	640	1
146	641	1
146	360	1
146	642	1
146	248	1
146	990	1
146	322	1
146	296	1
147	42	1
147	105	1
147	561	1
147	643	1
147	6	1
147	252	1
147	422	1
147	783	1
148	546	1
148	647	1
148	646	1
148	645	1
148	748	1
148	734	1
148	649	1
149	402	1
149	637	1
149	79	1
149	517	1
149	2201	1
150	747	1
150	94	1
150	288	1
150	203	1
150	820	1
150	651	1
150	6	1
151	353	1
151	654	1
151	655	1
151	331	1
152	553	1
152	312	1
152	1690	1
152	113	1
154	320	1
154	1582	1
154	507	1
154	112	1
154	318	1
154	203	1
154	1	1
155	157	1
155	1792	1
155	395	1
155	177	1
155	668	1
156	3	1
156	158	1
156	2	1
156	1238	1
156	106	1
156	7	1
156	117	1
157	171	1
157	1545	1
157	453	1
157	163	1
157	675	1
159	684	1
159	263	1
159	37	1
159	323	1
159	478	1
159	686	1
159	1293	1
160	242	1
160	400	1
160	744	1
160	62	1
162	442	1
162	698	1
162	31	1
162	73	1
162	696	1
162	104	1
163	8	1
163	2	1
163	312	1
164	141	1
164	155	1
164	245	1
164	275	1
164	30	1
165	402	1
165	173	1
165	1026	1
165	211	1
165	708	1
166	711	1
166	715	1
166	799	1
166	1966	1
166	714	1
166	160	1
167	340	1
167	82	1
167	286	1
167	442	1
167	145	1
167	428	1
167	9	1
168	708	1
168	236	1
168	719	1
168	637	1
168	43	1
168	165	1
169	1128	1
169	158	1
169	61	1
169	83	1
169	722	1
169	221	1
169	163	1
170	8	1
170	186	1
170	724	1
170	53	1
170	103	1
171	728	1
171	1170	1
171	409	1
172	104	1
172	2096	1
172	211	1
172	820	1
172	954	1
172	8	1
172	734	1
173	171	1
173	8	1
173	65	1
173	254	1
173	920	1
173	337	1
173	557	1
174	90	1
174	1463	1
174	79	1
174	743	1
174	744	1
174	741	1
175	50	1
175	532	1
175	8	1
175	227	1
175	344	1
175	747	1
175	63	1
175	1692	1
175	73	1
176	106	1
176	77	1
176	748	1
176	895	1
176	31	1
176	50	1
176	1550	1
177	370	1
177	1418	1
177	637	1
177	82	1
177	8	1
177	751	1
178	79	1
178	350	1
178	162	1
178	375	1
178	344	1
179	6	1
179	754	1
179	353	1
179	254	1
179	304	1
179	8	1
179	199	1
180	305	1
180	99	1
180	54	1
181	53	1
181	650	1
181	2	1
181	247	1
181	288	1
181	759	1
181	166	1
181	758	1
181	1329	1
182	342	1
182	358	1
182	1377	1
182	288	1
182	159	1
182	761	1
182	7	1
183	121	1
183	159	1
183	456	1
183	96	1
183	52	1
183	765	1
183	1506	1
184	139	1
184	261	1
184	898	1
184	8	1
184	103	1
184	307	1
184	227	1
184	720	1
184	138	1
186	446	1
186	171	1
186	254	1
186	774	1
186	7	1
186	377	1
186	73	1
187	211	1
187	153	1
187	468	1
187	1073	1
187	422	1
187	780	1
187	2394	1
187	368	1
188	167	1
188	554	1
188	353	1
188	673	1
188	61	1
188	69	1
188	501	1
188	545	1
189	168	1
189	422	1
189	1809	1
190	696	1
190	3	1
190	330	1
190	463	1
190	373	1
190	305	1
190	9	1
190	348	1
190	353	1
190	57	1
190	390	1
190	113	1
190	79	1
190	953	1
190	402	1
191	8	1
191	231	1
191	19	1
191	68	1
191	789	1
192	362	1
192	45	1
192	110	1
193	795	1
193	155	1
193	304	1
193	8	1
193	796	1
193	2	1
194	799	1
194	442	1
194	8	1
194	455	1
194	185	1
194	451	1
195	1692	1
195	42	1
195	802	1
195	294	1
195	792	1
196	19	1
196	155	1
196	804	1
196	199	1
196	203	1
197	216	1
197	806	1
197	850	1
197	19	1
197	50	1
197	249	1
197	6	1
198	173	1
198	597	1
198	761	1
198	133	1
199	395	1
199	353	1
199	301	1
199	128	1
199	673	1
199	158	1
200	532	1
200	171	1
200	373	1
200	145	1
200	412	1
200	82	1
200	1602	1
200	8	1
200	9	1
201	8	1
201	802	1
201	2036	1
202	305	1
202	53	1
202	1622	1
202	183	1
202	8	1
202	7	1
202	144	1
203	861	1
203	323	1
203	38	1
203	55	1
203	402	1
203	30	1
203	145	1
204	317	1
204	1270	1
204	99	1
204	1554	1
204	186	1
204	821	1
204	820	1
204	218	1
204	724	1
205	376	1
205	166	1
205	189	1
206	464	1
206	917	1
206	811	1
206	8	1
206	309	1
206	654	1
206	198	1
206	414	1
206	331	1
207	278	1
207	42	1
207	79	1
207	247	1
207	691	1
207	96	1
207	50	1
207	104	1
208	353	1
208	331	1
208	129	1
208	949	1
209	759	1
209	1	1
209	19	1
209	1129	1
209	32	1
209	835	1
209	73	1
209	183	1
209	5	1
210	8	1
210	515	1
210	838	1
210	840	1
210	234	1
210	236	1
210	1463	1
210	618	1
210	163	1
210	304	1
211	8	1
211	350	1
211	305	1
212	251	1
212	1546	1
212	642	1
212	194	1
212	8	1
213	399	1
213	66	1
213	588	1
213	168	1
213	851	1
213	121	1
213	761	1
213	938	1
213	390	1
213	163	1
213	850	1
213	94	1
213	515	1
213	247	1
214	60	1
214	596	1
214	305	1
214	320	1
214	3	1
214	855	1
214	422	1
215	5	1
215	499	1
215	141	1
215	1211	1
215	121	1
215	384	1
215	859	1
216	93	1
216	391	1
216	9	1
216	7	1
216	189	1
217	863	1
217	38	1
217	156	1
217	304	1
217	861	1
217	54	1
218	866	1
218	353	1
218	305	1
219	115	1
219	100	1
219	7	1
219	68	1
219	278	1
219	155	1
219	869	1
219	99	1
219	96	1
220	479	1
220	979	1
220	722	1
220	38	1
220	218	1
220	501	1
221	9	1
221	308	1
221	585	1
221	177	1
221	873	1
221	189	1
221	874	1
222	702	1
222	6	1
222	1257	1
222	458	1
222	43	1
222	876	1
222	507	1
222	19	1
222	163	1
222	162	1
222	117	1
223	815	1
223	642	1
223	254	1
223	19	1
223	722	1
223	61	1
224	247	1
224	7	1
224	248	1
224	879	1
224	50	1
224	642	1
224	19	1
225	291	1
225	880	1
225	708	1
225	317	1
225	196	1
225	353	1
225	105	1
226	1571	1
226	375	1
226	331	1
226	177	1
226	256	1
226	1475	1
226	883	1
227	901	1
227	889	1
227	708	1
228	144	1
228	216	1
228	171	1
228	8	1
228	278	1
228	1511	1
229	898	1
229	200	1
229	895	1
229	401	1
229	103	1
229	138	1
230	713	1
230	373	1
230	171	1
230	880	1
230	822	1
230	305	1
230	186	1
230	464	1
231	901	1
231	216	1
231	261	1
231	143	1
231	900	1
231	7	1
231	370	1
232	522	1
232	2022	1
232	903	1
232	163	1
233	82	1
233	278	1
233	553	1
233	200	1
233	636	1
233	401	1
233	173	1
233	376	1
233	908	1
234	25	1
234	145	1
234	70	1
234	691	1
234	118	1
234	8	1
235	20	1
235	601	1
235	915	1
235	99	1
235	346	1
235	532	1
235	27	1
235	863	1
235	691	1
236	211	1
236	919	1
236	402	1
236	585	1
236	337	1
236	917	1
236	1852	1
237	456	1
237	698	1
237	3	1
237	2049	1
237	235	1
237	463	1
237	317	1
239	247	1
239	363	1
239	2	1
239	61	1
239	248	1
239	112	1
240	442	1
240	934	1
240	6	1
240	522	1
240	922	1
241	288	1
241	38	1
241	305	1
241	419	1
241	6	1
241	938	1
241	3	1
241	113	1
241	516	1
241	133	1
241	8	1
242	8	1
242	214	1
242	675	1
243	216	1
243	145	1
243	44	1
243	42	1
243	5	1
243	159	1
243	715	1
244	950	1
244	949	1
244	522	1
244	5	1
244	48	1
245	47	1
245	637	1
245	173	1
245	103	1
245	453	1
245	8	1
245	266	1
246	261	1
246	669	1
246	552	1
246	375	1
246	779	1
246	954	1
246	305	1
247	3	1
247	386	1
247	242	1
247	400	1
247	304	1
247	245	1
247	117	1
248	643	1
248	50	1
248	65	1
248	145	1
248	158	1
248	456	1
248	163	1
249	453	1
249	174	1
249	312	1
249	482	1
250	305	1
250	50	1
250	440	1
250	145	1
250	304	1
250	162	1
250	77	1
250	2	1
251	643	1
251	515	1
251	149	1
251	213	1
251	147	1
252	189	1
252	999	1
252	9	1
252	901	1
253	54	1
253	96	1
253	643	1
253	50	1
253	1638	1
253	1656	1
253	554	1
254	696	1
254	1917	1
254	969	1
254	6	1
254	804	1
255	171	1
255	44	1
255	346	1
255	275	1
255	8	1
255	186	1
255	245	1
256	626	1
256	515	1
256	61	1
256	213	1
256	215	1
256	211	1
256	998	1
257	1796	1
257	594	1
257	561	1
257	1165	1
257	127	1
257	82	1
257	203	1
257	61	1
257	278	1
258	8	1
258	428	1
258	294	1
258	61	1
258	173	1
258	114	1
258	305	1
259	815	1
259	561	1
259	370	1
259	50	1
259	400	1
259	1719	1
259	314	1
259	467	1
259	978	1
259	344	1
260	440	1
260	979	1
260	585	1
260	273	1
260	799	1
260	163	1
261	1425	1
261	53	1
261	110	1
261	8	1
261	5	1
261	982	1
261	675	1
262	119	1
262	54	1
262	794	1
262	1491	1
262	1464	1
262	648	1
263	37	1
263	708	1
263	331	1
263	9	1
263	256	1
263	985	1
263	445	1
263	1418	1
264	1106	1
264	358	1
264	43	1
264	1310	1
264	650	1
264	369	1
264	507	1
265	410	1
265	66	1
265	330	1
265	247	1
265	646	1
266	990	1
266	300	1
266	649	1
266	133	1
266	301	1
266	545	1
267	61	1
267	7	1
267	1281	1
267	312	1
267	435	1
267	436	1
267	1970	1
267	66	1
269	515	1
269	213	1
269	998	1
269	278	1
269	362	1
269	96	1
269	609	1
270	307	1
270	9	1
270	883	1
270	173	1
270	919	1
270	370	1
270	467	1
271	668	1
271	20	1
271	214	1
271	32	1
272	845	1
272	187	1
272	1002	1
272	8	1
272	353	1
272	77	1
272	168	1
273	168	1
273	840	1
273	5	1
273	160	1
273	236	1
273	7	1
273	40	1
273	215	1
273	326	1
274	65	1
274	3	1
274	636	1
274	613	1
274	79	1
275	53	1
275	376	1
275	82	1
275	288	1
275	908	1
275	42	1
275	47	1
275	321	1
275	1007	1
275	45	1
276	189	1
276	93	1
276	104	1
276	88	1
276	585	1
276	806	1
276	370	1
276	386	1
276	8	1
277	31	1
277	866	1
277	316	1
277	507	1
277	451	1
278	507	1
278	1013	1
278	202	1
278	1100	1
278	578	1
279	230	1
279	455	1
279	521	1
279	464	1
280	713	1
280	883	1
280	978	1
280	880	1
280	104	1
280	467	1
281	147	1
281	8	1
281	206	1
281	7	1
281	288	1
281	183	1
281	32	1
282	590	1
282	19	1
282	236	1
282	163	1
282	331	1
282	82	1
282	8	1
283	321	1
283	1026	1
283	314	1
283	744	1
283	70	1
284	227	1
284	121	1
284	330	1
284	73	1
284	29	1
284	955	1
285	1032	1
285	515	1
285	376	1
285	82	1
285	321	1
285	54	1
286	138	1
286	376	1
286	457	1
287	79	1
287	8	1
287	173	1
288	1426	1
288	53	1
288	254	1
288	650	1
288	696	1
288	79	1
289	1511	1
289	19	1
289	877	1
289	168	1
289	479	1
289	1040	1
289	353	1
289	1255	1
290	330	1
290	249	1
290	459	1
290	169	1
291	61	1
291	266	1
291	811	1
291	361	1
292	557	1
292	722	1
292	2234	1
292	971	1
292	50	1
292	633	1
292	1471	1
293	202	1
293	594	1
293	1165	1
293	1048	1
294	96	1
294	1185	1
294	61	1
294	296	1
294	8	1
295	66	1
295	666	1
295	65	1
295	823	1
295	251	1
295	278	1
295	585	1
295	722	1
295	1052	1
295	492	1
295	1051	1
295	112	1
296	248	1
296	395	1
296	708	1
296	299	1
296	779	1
296	44	1
296	318	1
296	300	1
296	1729	1
296	256	1
297	196	1
297	446	1
297	1629	1
298	934	1
298	106	1
298	585	1
298	711	1
298	139	1
298	317	1
298	110	1
299	150	1
299	91	1
299	349	1
299	198	1
299	823	1
300	435	1
300	651	1
300	522	1
300	254	1
300	893	1
300	1626	1
300	596	1
301	723	1
301	1067	1
301	636	1
301	350	1
301	794	1
301	145	1
301	338	1
302	173	1
302	895	1
302	1073	1
302	1071	1
302	93	1
302	8	1
302	247	1
302	1070	1
302	315	1
302	601	1
302	61	1
302	1069	1
303	138	1
303	515	1
303	331	1
303	288	1
303	39	1
303	8	1
304	103	1
304	1073	1
304	256	1
304	999	1
304	402	1
304	350	1
304	211	1
304	386	1
305	1115	1
305	400	1
305	25	1
305	1075	1
306	8	1
306	744	1
306	1652	1
306	789	1
306	1078	1
307	414	1
307	8	1
307	654	1
307	1080	1
307	637	1
307	1160	1
307	82	1
308	50	1
308	245	1
308	330	1
308	720	1
308	254	1
308	569	1
308	1082	1
308	363	1
309	218	1
309	799	1
309	235	1
309	804	1
309	620	1
309	631	1
309	38	1
309	317	1
309	65	1
309	252	1
309	61	1
309	248	1
309	1085	1
309	31	1
310	96	1
310	68	1
310	5	1
311	1026	1
311	61	1
311	501	1
311	73	1
311	446	1
311	25	1
311	1787	1
311	414	1
311	53	1
312	90	1
312	386	1
312	328	1
312	359	1
312	789	1
313	144	1
313	50	1
313	19	1
313	373	1
313	216	1
313	516	1
313	464	1
314	166	1
314	19	1
314	249	1
314	94	1
314	237	1
314	1509	1
314	305	1
315	1626	1
315	115	1
315	121	1
315	147	1
316	479	1
316	3	1
316	207	1
316	8	1
316	32	1
316	82	1
316	330	1
316	42	1
317	637	1
317	1080	1
317	569	1
317	186	1
317	47	1
317	545	1
317	516	1
318	44	1
318	650	1
318	643	1
318	937	1
318	73	1
318	117	1
319	8	1
319	482	1
319	145	1
319	133	1
319	959	1
319	1129	1
319	155	1
319	168	1
319	7	1
320	216	1
320	104	1
320	112	1
320	8	1
320	920	1
321	61	1
321	318	1
321	920	1
321	982	1
321	1100	1
321	111	1
321	1951	1
322	6	1
322	254	1
322	265	1
322	501	1
322	19	1
324	1106	1
324	288	1
324	457	1
324	2	1
324	159	1
324	482	1
324	207	1
325	256	1
325	307	1
325	317	1
325	467	1
325	883	1
325	171	1
326	32	1
326	9	1
326	305	1
326	390	1
326	1683	1
326	1115	1
326	400	1
326	954	1
326	1957	1
327	455	1
327	794	1
327	799	1
327	1119	1
327	625	1
327	288	1
327	1120	1
327	582	1
328	128	1
328	79	1
328	232	1
328	553	1
328	1164	1
329	288	1
329	5	1
329	199	1
329	848	1
329	1124	1
329	1396	1
330	1127	1
330	1144	1
330	426	1
330	360	1
330	43	1
330	278	1
330	214	1
331	1128	1
331	390	1
331	294	1
331	195	1
331	207	1
331	248	1
331	760	1
332	189	1
332	69	1
332	1131	1
332	6	1
332	77	1
332	40	1
332	219	1
332	104	1
332	54	1
332	305	1
333	8	1
333	920	1
333	1132	1
333	353	1
333	698	1
333	114	1
333	312	1
333	369	1
335	185	1
335	330	1
335	376	1
335	254	1
335	302	1
335	1622	1
335	180	1
335	171	1
335	238	1
335	1139	1
335	83	1
335	82	1
336	32	1
336	1506	1
336	586	1
336	72	1
336	166	1
336	45	1
336	774	1
337	922	1
337	400	1
337	315	1
337	145	1
337	168	1
337	157	1
337	8	1
337	160	1
337	186	1
337	893	1
337	1144	1
337	446	1
337	289	1
337	150	1
337	106	1
337	245	1
337	463	1
338	50	1
338	5	1
338	453	1
338	79	1
338	636	1
338	242	1
338	32	1
338	1145	1
338	83	1
339	6	1
339	218	1
339	573	1
340	8	1
340	123	1
340	173	1
340	103	1
340	637	1
341	305	1
341	50	1
341	53	1
341	45	1
341	251	1
341	3	1
341	428	1
342	47	1
342	369	1
342	117	1
342	838	1
342	1108	1
342	414	1
342	1300	1
342	163	1
343	249	1
343	20	1
343	314	1
343	2	1
344	144	1
344	69	1
344	96	1
344	141	1
344	1159	1
344	50	1
344	167	1
345	684	1
345	901	1
345	105	1
345	321	1
345	376	1
345	50	1
346	96	1
346	1549	1
346	50	1
346	177	1
346	180	1
346	668	1
346	331	1
347	909	1
347	111	1
347	762	1
347	908	1
347	1164	1
348	305	1
348	594	1
348	1165	1
348	561	1
348	1048	1
348	96	1
348	88	1
348	111	1
349	109	1
349	585	1
349	744	1
349	354	1
349	216	1
349	715	1
349	163	1
349	438	1
349	522	1
350	403	1
350	728	1
350	1173	1
350	1170	1
351	523	1
351	1175	1
351	214	1
351	501	1
351	45	1
351	168	1
351	8	1
352	8	1
352	719	1
352	375	1
353	99	1
353	469	1
353	546	1
353	207	1
353	122	1
354	515	1
354	104	1
354	901	1
354	156	1
354	314	1
354	162	1
354	1418	1
355	794	1
355	1039	1
355	637	1
355	53	1
355	1132	1
355	431	1
355	3	1
355	247	1
355	305	1
355	38	1
356	47	1
356	532	1
356	1203	1
357	360	1
357	331	1
357	177	1
357	180	1
357	820	1
357	1192	1
357	8	1
358	698	1
358	128	1
358	42	1
358	96	1
359	414	1
359	416	1
359	431	1
359	1153	1
359	62	1
359	651	1
360	743	1
360	90	1
360	845	1
360	248	1
360	3	1
360	168	1
361	665	1
361	436	1
361	168	1
361	420	1
361	66	1
362	6	1
362	163	1
362	99	1
362	1146	1
362	508	1
362	77	1
362	44	1
363	145	1
363	8	1
363	895	1
363	1063	1
363	1203	1
363	482	1
364	646	1
364	1211	1
364	252	1
364	1085	1
364	326	1
364	794	1
364	391	1
365	163	1
365	636	1
365	77	1
365	585	1
365	744	1
366	1777	1
366	6	1
366	2	1
366	111	1
366	1215	1
366	50	1
366	1582	1
366	19	1
366	305	1
367	304	1
367	909	1
367	50	1
368	47	1
368	143	1
368	698	1
368	637	1
368	230	1
368	79	1
368	254	1
368	1221	1
368	247	1
369	6	1
369	416	1
369	1222	1
369	168	1
369	173	1
369	42	1
369	83	1
369	1002	1
369	82	1
369	45	1
370	698	1
370	957	1
370	114	1
370	1144	1
370	1224	1
371	850	1
371	79	1
371	189	1
372	177	1
372	158	1
372	431	1
372	39	1
372	173	1
372	211	1
372	780	1
373	249	1
373	305	1
373	501	1
373	265	1
373	337	1
373	166	1
374	376	1
374	934	1
374	516	1
374	595	1
374	321	1
374	359	1
374	601	1
375	2	1
375	922	1
375	554	1
375	20	1
375	8	1
375	104	1
375	70	1
376	66	1
376	3	1
376	158	1
376	845	1
376	1128	1
376	414	1
376	1529	1
378	47	1
378	376	1
378	172	1
378	1238	1
379	880	1
379	114	1
379	305	1
379	920	1
379	851	1
379	578	1
379	247	1
380	1970	1
380	348	1
380	6	1
380	515	1
380	1240	1
380	254	1
380	507	1
380	61	1
380	673	1
381	239	1
381	16	1
381	370	1
381	1243	1
381	467	1
381	9	1
382	561	1
382	594	1
382	237	1
382	88	1
382	1952	1
382	625	1
382	96	1
383	873	1
383	1506	1
383	326	1
383	173	1
384	304	1
384	479	1
384	845	1
384	558	1
384	986	1
384	451	1
384	696	1
385	546	1
385	507	1
385	1251	1
386	1257	1
386	544	1
386	180	1
386	14	1
386	985	1
386	973	1
386	1280	1
386	331	1
386	1255	1
388	1051	1
388	722	1
388	168	1
388	65	1
389	386	1
389	8	1
389	307	1
389	29	1
389	1264	1
389	370	1
389	880	1
389	855	1
390	180	1
390	479	1
390	579	1
391	243	1
391	1270	1
391	1411	1
391	7	1
392	8	1
392	266	1
392	94	1
392	1272	1
392	18	1
392	99	1
392	1529	1
392	381	1
393	187	1
393	1192	1
393	12	1
393	103	1
393	248	1
393	307	1
394	249	1
394	112	1
394	121	1
394	1555	1
394	261	1
394	1276	1
394	275	1
394	45	1
394	29	1
394	723	1
394	833	1
394	163	1
395	141	1
395	50	1
395	281	1
395	29	1
395	1118	1
395	6	1
395	877	1
396	722	1
396	305	1
396	1145	1
396	1280	1
396	428	1
396	341	1
396	61	1
396	294	1
396	248	1
397	337	1
397	198	1
397	340	1
397	1281	1
397	815	1
397	386	1
398	669	1
398	323	1
398	9	1
398	83	1
398	216	1
398	637	1
398	93	1
399	937	1
399	573	1
399	507	1
399	1280	1
399	691	1
399	876	1
399	73	1
399	233	1
399	804	1
399	168	1
399	373	1
399	458	1
399	974	1
399	361	1
399	7	1
400	163	1
400	636	1
400	77	1
400	668	1
400	305	1
400	1222	1
401	550	1
401	720	1
401	38	1
401	305	1
401	202	1
401	323	1
401	1293	1
402	331	1
402	1453	1
402	702	1
402	1588	1
402	799	1
402	112	1
402	168	1
403	256	1
403	9	1
403	241	1
403	308	1
403	978	1
403	795	1
403	386	1
404	305	1
404	881	1
404	317	1
405	160	1
405	507	1
405	1297	1
405	1300	1
405	118	1
406	45	1
406	42	1
406	65	1
406	266	1
406	79	1
406	144	1
406	3	1
406	558	1
406	361	1
407	162	1
407	305	1
407	97	1
407	173	1
407	61	1
407	83	1
407	377	1
408	1143	1
408	145	1
408	1085	1
408	1809	1
408	288	1
408	691	1
409	50	1
409	1305	1
409	275	1
409	345	1
409	382	1
409	49	1
409	94	1
410	845	1
410	1313	1
410	330	1
410	463	1
410	624	1
410	295	1
410	145	1
410	427	1
410	1007	1
410	410	1
410	53	1
410	1310	1
411	585	1
411	708	1
411	600	1
411	305	1
411	472	1
411	168	1
412	422	1
412	1128	1
412	50	1
412	1316	1
412	168	1
412	121	1
412	650	1
412	25	1
413	555	1
413	1318	1
413	165	1
413	1243	1
413	61	1
413	722	1
413	1319	1
414	440	1
414	30	1
414	42	1
414	427	1
414	516	1
414	455	1
414	646	1
415	82	1
415	111	1
415	1257	1
415	1300	1
415	96	1
415	55	1
415	838	1
415	278	1
416	256	1
416	654	1
416	91	1
416	370	1
416	8	1
416	263	1
417	1108	1
417	2	1
417	61	1
417	5	1
418	861	1
418	722	1
418	859	1
418	506	1
418	3	1
418	157	1
418	172	1
418	515	1
418	155	1
419	244	1
419	644	1
419	668	1
419	395	1
419	1327	1
419	8	1
419	261	1
420	1329	1
420	8	1
420	340	1
420	451	1
420	1396	1
420	1328	1
420	1156	1
421	299	1
421	104	1
421	395	1
421	8	1
421	345	1
421	804	1
422	370	1
422	263	1
422	39	1
422	36	1
422	104	1
422	242	1
422	241	1
423	314	1
423	172	1
423	1333	1
423	8	1
423	155	1
423	1601	1
423	254	1
423	418	1
423	143	1
423	32	1
424	112	1
424	79	1
424	359	1
424	50	1
424	305	1
425	889	1
425	163	1
425	654	1
425	1485	1
425	8	1
425	307	1
426	338	1
426	266	1
426	2	1
426	551	1
426	458	1
426	12	1
427	596	1
427	1238	1
427	569	1
427	53	1
427	457	1
427	1283	1
427	214	1
427	50	1
427	1300	1
428	508	1
428	1339	1
428	50	1
428	21	1
428	8	1
428	1340	1
428	275	1
429	156	1
429	428	1
429	288	1
429	522	1
429	214	1
429	2	1
430	248	1
430	833	1
430	758	1
430	202	1
430	390	1
431	83	1
431	375	1
431	414	1
431	974	1
431	1402	1
431	180	1
431	1606	1
431	82	1
431	637	1
431	1346	1
431	949	1
431	321	1
432	585	1
432	903	1
432	2	1
432	609	1
432	516	1
432	353	1
433	50	1
433	19	1
433	920	1
433	1351	1
433	250	1
433	156	1
433	82	1
434	767	1
434	104	1
434	256	1
434	7	1
434	883	1
434	467	1
434	3	1
435	109	1
435	523	1
435	254	1
435	157	1
435	477	1
436	609	1
436	207	1
436	288	1
436	187	1
436	534	1
436	300	1
436	382	1
437	173	1
437	251	1
437	337	1
437	1364	1
437	767	1
437	937	1
437	1093	1
437	636	1
437	172	1
438	436	1
438	476	1
438	43	1
438	825	1
439	1369	1
439	431	1
439	19	1
439	173	1
439	168	1
440	122	1
440	537	1
440	7	1
440	96	1
440	8	1
440	252	1
440	442	1
440	765	1
440	90	1
441	501	1
441	363	1
441	173	1
441	454	1
442	177	1
442	129	1
442	1192	1
442	103	1
442	708	1
443	163	1
443	464	1
443	344	1
443	580	1
443	467	1
443	361	1
443	348	1
443	327	1
444	304	1
444	30	1
444	285	1
444	1511	1
444	55	1
444	863	1
444	163	1
445	1243	1
445	79	1
445	137	1
445	8	1
445	294	1
446	359	1
446	305	1
446	187	1
446	312	1
446	128	1
446	77	1
447	304	1
447	8	1
447	275	1
447	402	1
447	517	1
447	19	1
447	516	1
448	278	1
448	47	1
448	5	1
448	65	1
448	171	1
448	2	1
449	922	1
449	822	1
449	245	1
449	305	1
449	346	1
449	1532	1
450	6	1
450	1377	1
450	320	1
450	507	1
450	1118	1
450	1809	1
450	428	1
451	111	1
451	463	1
451	278	1
451	1339	1
451	1821	1
452	599	1
452	2096	1
452	8	1
452	50	1
452	1293	1
452	954	1
452	19	1
453	129	1
453	654	1
453	177	1
453	47	1
453	8	1
453	294	1
454	1215	1
454	578	1
454	50	1
454	644	1
455	218	1
455	369	1
455	506	1
455	1394	1
455	1393	1
455	482	1
456	823	1
456	96	1
456	8	1
456	1048	1
456	237	1
456	113	1
457	143	1
457	145	1
457	214	1
457	747	1
457	114	1
457	65	1
457	291	1
457	228	1
458	391	1
458	171	1
458	7	1
458	228	1
458	451	1
458	376	1
459	305	1
459	112	1
459	295	1
459	501	1
459	266	1
459	61	1
459	3	1
459	312	1
460	553	1
460	456	1
460	1431	1
460	515	1
460	128	1
460	173	1
460	1402	1
461	556	1
461	828	1
461	804	1
461	1403	1
461	32	1
461	231	1
461	167	1
461	362	1
461	1300	1
462	65	1
462	431	1
462	61	1
463	163	1
463	1411	1
463	61	1
463	578	1
463	171	1
463	50	1
463	113	1
463	353	1
464	1192	1
464	838	1
464	802	1
464	637	1
464	585	1
464	370	1
464	349	1
465	876	1
465	651	1
465	214	1
465	307	1
465	169	1
465	158	1
465	8	1
465	245	1
466	451	1
466	1365	1
466	242	1
466	246	1
466	440	1
466	305	1
466	498	1
466	145	1
467	168	1
467	357	1
467	73	1
467	330	1
467	369	1
467	247	1
467	144	1
468	317	1
468	96	1
468	61	1
468	111	1
468	422	1
468	72	1
468	1281	1
468	876	1
468	65	1
468	2	1
469	112	1
469	32	1
469	3	1
469	8	1
469	828	1
469	482	1
469	345	1
469	601	1
469	278	1
470	2601	1
470	7	1
470	657	1
470	1013	1
470	1311	1
470	300	1
470	650	1
471	96	1
471	985	1
471	431	1
471	953	1
471	375	1
471	189	1
472	166	1
472	668	1
472	53	1
473	19	1
473	187	1
473	7	1
473	391	1
473	6	1
474	1428	1
474	331	1
474	8	1
474	277	1
474	113	1
474	200	1
474	216	1
474	9	1
474	211	1
474	401	1
474	1427	1
474	14	1
474	504	1
475	104	1
475	305	1
475	657	1
475	278	1
475	802	1
475	312	1
475	1530	1
475	1431	1
475	251	1
475	6	1
476	1539	1
476	19	1
476	216	1
476	248	1
477	45	1
477	155	1
477	3	1
477	288	1
477	159	1
477	338	1
477	507	1
477	2	1
478	32	1
478	8	1
478	643	1
478	744	1
478	117	1
478	428	1
478	250	1
478	1	1
479	211	1
479	889	1
479	331	1
479	708	1
479	1281	1
479	336	1
479	177	1
480	1441	1
480	845	1
480	254	1
480	145	1
480	1442	1
480	251	1
481	171	1
481	312	1
481	901	1
481	32	1
481	1529	1
481	459	1
481	155	1
481	209	1
481	734	1
482	8	1
482	54	1
482	50	1
482	162	1
482	515	1
483	397	1
483	242	1
483	506	1
483	822	1
484	1313	1
484	312	1
484	1139	1
485	247	1
485	231	1
485	167	1
485	1441	1
485	83	1
486	115	1
486	743	1
486	275	1
486	1129	1
487	1152	1
487	129	1
487	578	1
487	5	1
487	119	1
487	61	1
487	114	1
488	1453	1
488	416	1
488	539	1
488	21	1
488	1441	1
488	426	1
489	131	1
489	708	1
489	315	1
489	1454	1
489	1418	1
490	835	1
490	1607	1
490	1281	1
490	52	1
490	1396	1
490	1459	1
490	597	1
490	1458	1
490	440	1
490	596	1
491	218	1
491	373	1
491	1737	1
491	1272	1
491	104	1
492	626	1
492	974	1
492	8	1
492	1463	1
493	1465	1
493	648	1
493	1849	1
493	314	1
494	79	1
494	400	1
494	184	1
494	55	1
494	387	1
495	597	1
495	1471	1
495	1411	1
496	12	1
496	1477	1
496	104	1
496	1475	1
496	985	1
496	307	1
496	1428	1
497	1434	1
497	453	1
497	162	1
497	1952	1
497	1143	1
497	908	1
498	9	1
498	75	1
498	1549	1
498	1427	1
498	637	1
498	231	1
498	8	1
499	275	1
499	145	1
499	1293	1
499	585	1
500	353	1
500	1070	1
500	742	1
500	431	1
501	238	1
501	122	1
501	173	1
501	8	1
502	231	1
502	228	1
502	7	1
502	3	1
502	811	1
502	42	1
502	251	1
503	1607	1
503	1470	1
503	7	1
503	168	1
503	702	1
503	620	1
503	90	1
503	1203	1
503	1131	1
503	691	1
503	734	1
503	274	1
504	1475	1
504	585	1
504	185	1
504	1491	1
504	104	1
504	563	1
505	419	1
505	1425	1
505	288	1
505	278	1
505	174	1
505	1494	1
505	979	1
507	312	1
507	1144	1
507	633	1
507	88	1
507	1128	1
507	61	1
507	326	1
507	163	1
508	326	1
508	53	1
508	1411	1
508	1428	1
508	143	1
508	1499	1
508	8	1
509	219	1
509	50	1
509	61	1
509	231	1
509	117	1
509	959	1
510	171	1
510	218	1
510	245	1
510	1365	1
510	523	1
510	463	1
510	390	1
511	77	1
511	720	1
511	1192	1
511	386	1
511	308	1
511	400	1
511	873	1
511	1082	1
511	9	1
512	114	1
512	19	1
512	357	1
512	323	1
513	232	1
513	39	1
513	38	1
513	517	1
513	212	1
513	1051	1
513	9	1
514	583	1
514	642	1
514	36	1
514	386	1
514	422	1
514	467	1
514	573	1
515	823	1
515	8	1
515	585	1
515	251	1
515	61	1
515	883	1
515	53	1
516	1318	1
516	66	1
516	1300	1
516	173	1
516	1128	1
517	1300	1
517	3	1
517	66	1
517	65	1
517	501	1
517	792	1
517	723	1
518	774	1
518	117	1
518	1509	1
518	112	1
518	317	1
518	666	1
518	578	1
519	959	1
519	1511	1
519	1108	1
519	479	1
519	840	1
519	845	1
520	625	1
520	180	1
520	1215	1
521	79	1
521	96	1
521	467	1
521	278	1
521	8	1
521	305	1
522	744	1
522	8	1
522	180	1
522	1240	1
522	1514	1
523	1251	1
523	66	1
523	1517	1
523	305	1
523	70	1
523	515	1
523	19	1
523	254	1
523	39	1
524	3	1
524	160	1
524	876	1
524	168	1
524	990	1
524	183	1
524	218	1
524	66	1
524	804	1
525	348	1
525	845	1
525	162	1
525	585	1
525	94	1
525	8	1
525	458	1
526	73	1
526	8	1
526	7	1
526	998	1
526	30	1
526	300	1
526	521	1
527	3	1
527	77	1
527	459	1
527	83	1
527	312	1
527	305	1
527	391	1
528	515	1
528	29	1
528	304	1
528	141	1
528	300	1
529	8	1
529	3	1
529	643	1
529	636	1
529	757	1
529	155	1
530	50	1
530	79	1
530	25	1
530	643	1
530	42	1
530	19	1
530	173	1
531	1082	1
531	350	1
531	375	1
531	515	1
531	402	1
531	344	1
531	720	1
532	1160	1
532	288	1
532	6	1
532	8	1
532	66	1
532	42	1
532	402	1
532	199	1
533	1270	1
533	428	1
533	320	1
533	288	1
533	1847	1
533	1118	1
533	165	1
534	673	1
534	1257	1
534	128	1
534	141	1
534	168	1
534	113	1
534	219	1
534	463	1
534	428	1
534	288	1
535	668	1
535	168	1
535	250	1
535	3	1
535	160	1
535	1365	1
536	47	1
536	53	1
536	173	1
537	519	1
537	1127	1
537	247	1
537	774	1
537	1100	1
537	331	1
537	632	1
538	588	1
538	55	1
538	7	1
538	128	1
538	760	1
538	240	1
538	173	1
539	50	1
539	362	1
539	376	1
539	157	1
539	177	1
539	180	1
539	134	1
540	304	1
540	386	1
540	79	1
540	468	1
540	1535	1
540	19	1
540	637	1
540	180	1
541	203	1
541	88	1
541	1165	1
542	114	1
542	673	1
542	1539	1
542	778	1
542	47	1
542	607	1
542	880	1
543	250	1
543	1280	1
543	105	1
543	96	1
543	73	1
543	53	1
544	463	1
544	644	1
544	1144	1
544	477	1
544	498	1
544	1	1
544	1203	1
545	266	1
545	578	1
545	722	1
545	823	1
545	265	1
546	563	1
546	1328	1
546	300	1
547	276	1
547	499	1
547	515	1
547	288	1
547	7	1
547	454	1
547	21	1
548	794	1
548	3	1
548	133	1
548	545	1
548	1545	1
548	286	1
548	1509	1
548	382	1
548	345	1
549	1546	1
549	990	1
549	1626	1
549	79	1
549	163	1
549	428	1
550	168	1
550	312	1
550	216	1
550	1547	1
550	1170	1
551	158	1
551	19	1
551	286	1
551	143	1
551	50	1
551	893	1
551	141	1
552	802	1
552	1377	1
552	597	1
552	3	1
552	94	1
552	937	1
552	990	1
552	187	1
553	238	1
553	54	1
553	1550	1
553	182	1
553	20	1
553	155	1
554	1554	1
554	168	1
554	422	1
554	561	1
555	42	1
555	362	1
555	1517	1
555	1144	1
555	167	1
555	278	1
555	294	1
555	189	1
556	235	1
556	339	1
556	1364	1
556	1557	1
556	1785	1
556	1120	1
556	451	1
557	316	1
557	400	1
557	55	1
557	475	1
557	187	1
558	305	1
558	973	1
558	521	1
558	87	1
558	185	1
558	779	1
558	982	1
558	12	1
558	1071	1
558	789	1
558	744	1
558	850	1
558	314	1
559	288	1
559	96	1
559	573	1
559	68	1
559	668	1
559	734	1
559	534	1
560	8	1
560	1545	1
560	453	1
560	252	1
560	369	1
560	440	1
560	254	1
561	94	1
561	61	1
561	423	1
561	7	1
561	3	1
562	173	1
562	331	1
562	590	1
562	825	1
562	478	1
562	77	1
562	50	1
562	61	1
562	145	1
563	8	1
563	69	1
563	165	1
563	851	1
563	1638	1
563	42	1
563	569	1
564	163	1
564	422	1
564	5	1
564	348	1
564	8	1
564	1571	1
564	889	1
566	863	1
566	1470	1
566	288	1
566	1374	1
566	206	1
566	1211	1
567	82	1
567	825	1
567	173	1
567	1318	1
567	254	1
567	193	1
567	50	1
567	158	1
567	113	1
568	501	1
568	193	1
568	552	1
568	12	1
568	375	1
568	708	1
568	250	1
569	305	1
569	32	1
569	50	1
569	109	1
569	8	1
570	463	1
570	227	1
570	8	1
570	254	1
570	263	1
571	172	1
571	105	1
571	19	1
571	422	1
571	1175	1
572	61	1
572	545	1
572	5	1
572	774	1
572	1238	1
572	248	1
572	45	1
572	590	1
572	723	1
572	265	1
573	1963	1
573	353	1
573	1215	1
573	155	1
573	202	1
573	1582	1
573	1100	1
574	5	1
574	174	1
574	724	1
574	186	1
574	245	1
574	316	1
574	8	1
574	244	1
575	304	1
575	160	1
575	345	1
575	760	1
575	643	1
576	112	1
576	202	1
576	234	1
576	353	1
576	50	1
576	173	1
576	573	1
576	920	1
576	362	1
577	183	1
577	522	1
577	760	1
577	5	1
577	1257	1
577	288	1
577	3	1
577	242	1
577	40	1
577	1283	1
577	969	1
577	1588	1
578	155	1
578	1459	1
578	8	1
578	1152	1
579	31	1
579	369	1
579	312	1
579	2	1
579	744	1
579	583	1
579	244	1
579	838	1
579	400	1
579	840	1
580	166	1
580	501	1
580	1377	1
580	248	1
580	110	1
580	1511	1
580	278	1
581	245	1
581	218	1
581	186	1
581	21	1
581	630	1
581	155	1
582	794	1
582	540	1
582	506	1
583	321	1
583	637	1
583	1499	1
583	82	1
583	2201	1
584	440	1
584	1876	1
584	219	1
584	173	1
584	6	1
584	1240	1
584	359	1
585	1215	1
585	8	1
585	202	1
585	61	1
585	414	1
585	114	1
586	19	1
586	50	1
586	2	1
586	1601	1
586	94	1
586	55	1
586	341	1
587	42	1
587	597	1
587	330	1
587	77	1
587	187	1
587	32	1
587	19	1
587	1602	1
587	1310	1
587	6	1
587	278	1
587	3	1
588	8	1
588	189	1
588	61	1
588	173	1
589	1118	1
589	631	1
589	44	1
589	6	1
589	1107	1
589	1316	1
589	482	1
590	595	1
590	828	1
590	265	1
590	337	1
590	1626	1
590	66	1
590	187	1
590	203	1
591	288	1
591	1606	1
591	900	1
591	8	1
591	644	1
591	799	1
591	315	1
591	244	1
591	387	1
591	31	1
591	645	1
592	315	1
592	1607	1
592	353	1
592	585	1
592	65	1
592	501	1
592	1152	1
592	1139	1
592	68	1
593	8	1
593	66	1
593	72	1
593	957	1
593	270	1
593	2	1
593	337	1
595	802	1
595	517	1
595	778	1
595	1613	1
595	114	1
595	734	1
595	516	1
596	312	1
596	278	1
596	96	1
596	1494	1
597	1617	1
597	55	1
597	651	1
597	304	1
597	50	1
597	160	1
597	479	1
597	523	1
598	1737	1
598	1618	1
598	643	1
598	806	1
598	288	1
598	442	1
598	187	1
599	517	1
599	69	1
599	1048	1
599	762	1
599	376	1
599	908	1
599	138	1
600	651	1
600	1623	1
600	8	1
600	696	1
600	168	1
600	275	1
600	247	1
601	77	1
601	382	1
601	205	1
601	1549	1
601	330	1
601	54	1
601	7	1
601	19	1
602	8	1
602	331	1
602	180	1
602	177	1
602	42	1
602	131	1
602	291	1
603	248	1
603	1626	1
603	501	1
603	44	1
603	578	1
603	1051	1
603	278	1
604	893	1
604	3	1
604	515	1
605	73	1
605	330	1
605	1211	1
605	16	1
605	861	1
605	464	1
605	1629	1
605	275	1
606	1632	1
606	395	1
606	219	1
606	299	1
606	519	1
606	668	1
607	431	1
607	368	1
607	83	1
607	42	1
607	88	1
607	79	1
607	637	1
607	37	1
608	901	1
608	8	1
608	353	1
608	96	1
608	1203	1
608	278	1
608	180	1
609	359	1
609	168	1
609	585	1
609	373	1
609	444	1
609	550	1
609	39	1
610	861	1
610	1529	1
610	137	1
610	104	1
610	1070	1
610	52	1
611	501	1
611	43	1
611	722	1
611	173	1
611	231	1
611	1638	1
611	8	1
612	320	1
612	70	1
612	304	1
612	1471	1
612	275	1
612	160	1
612	147	1
613	386	1
613	1732	1
613	1414	1
613	331	1
613	104	1
613	1276	1
613	211	1
614	601	1
614	6	1
614	334	1
614	8	1
614	1152	1
614	428	1
615	1644	1
615	112	1
615	620	1
615	49	1
615	2234	1
615	345	1
616	247	1
616	163	1
616	79	1
617	376	1
617	103	1
617	1093	1
617	82	1
617	465	1
617	762	1
617	362	1
618	113	1
618	594	1
618	625	1
618	8	1
618	1431	1
618	61	1
618	1048	1
619	19	1
619	799	1
619	1270	1
619	50	1
620	79	1
620	104	1
620	312	1
620	8	1
620	1530	1
621	12	1
621	3	1
621	61	1
621	79	1
621	426	1
622	77	1
622	719	1
622	3	1
622	8	1
622	61	1
622	168	1
622	248	1
622	6	1
623	458	1
623	600	1
623	3	1
623	118	1
623	214	1
624	883	1
624	211	1
624	467	1
624	880	1
624	180	1
624	256	1
624	373	1
625	879	1
625	307	1
625	8	1
625	1145	1
625	60	1
625	618	1
625	155	1
625	73	1
626	360	1
626	314	1
626	741	1
626	70	1
626	233	1
626	8	1
626	1652	1
626	50	1
626	321	1
627	355	1
627	804	1
627	643	1
627	174	1
627	540	1
627	7	1
627	1509	1
628	774	1
628	457	1
628	288	1
628	47	1
628	7	1
628	341	1
629	722	1
629	45	1
629	265	1
629	65	1
629	288	1
629	1656	1
629	555	1
630	1966	1
630	65	1
630	1280	1
630	578	1
630	320	1
630	53	1
631	569	1
631	338	1
631	237	1
631	105	1
631	50	1
631	390	1
631	286	1
631	61	1
631	369	1
631	163	1
632	273	1
632	345	1
632	467	1
632	386	1
632	636	1
632	155	1
632	173	1
632	465	1
633	544	1
633	36	1
633	180	1
633	362	1
633	637	1
633	82	1
633	288	1
634	691	1
634	719	1
634	50	1
635	370	1
635	1369	1
635	79	1
635	177	1
635	8	1
636	1394	1
636	8	1
636	1821	1
636	134	1
636	50	1
636	1606	1
636	920	1
636	321	1
637	362	1
637	203	1
637	180	1
637	60	1
637	377	1
637	7	1
637	8	1
638	8	1
638	83	1
638	375	1
638	350	1
638	82	1
638	47	1
638	177	1
639	155	1
639	585	1
639	144	1
639	219	1
639	5	1
639	173	1
640	708	1
640	1426	1
640	331	1
640	889	1
640	1160	1
641	920	1
641	147	1
641	410	1
642	804	1
642	38	1
642	377	1
642	3	1
642	8	1
642	77	1
642	1545	1
642	248	1
643	1692	1
643	42	1
643	431	1
643	467	1
643	171	1
643	199	1
643	386	1
643	93	1
644	478	1
644	79	1
644	70	1
644	711	1
644	42	1
645	199	1
645	1240	1
645	155	1
645	171	1
645	304	1
645	390	1
645	550	1
646	9	1
646	585	1
646	431	1
646	331	1
646	38	1
646	8	1
646	180	1
647	386	1
647	428	1
647	305	1
647	42	1
647	1144	1
647	96	1
647	370	1
647	97	1
647	643	1
648	955	1
648	823	1
648	999	1
648	36	1
648	467	1
649	479	1
649	373	1
649	1458	1
649	794	1
649	1211	1
650	96	1
650	30	1
650	585	1
650	137	1
650	2	1
651	171	1
651	331	1
651	230	1
651	65	1
651	1221	1
652	60	1
652	765	1
652	1167	1
652	55	1
652	428	1
652	288	1
652	987	1
653	155	1
653	1453	1
653	187	1
654	1617	1
654	724	1
654	988	1
654	1644	1
654	591	1
654	1272	1
654	822	1
655	173	1
655	422	1
655	137	1
655	1339	1
655	8	1
655	82	1
655	1318	1
656	370	1
656	1221	1
656	340	1
656	317	1
656	655	1
656	79	1
656	1327	1
657	53	1
657	180	1
657	655	1
657	131	1
657	168	1
657	251	1
657	1683	1
658	62	1
658	79	1
658	8	1
658	248	1
658	1080	1
659	515	1
659	545	1
659	340	1
659	221	1
659	647	1
659	55	1
659	46	1
660	1100	1
660	337	1
660	145	1
660	53	1
660	2183	1
660	248	1
660	61	1
661	8	1
661	428	1
661	580	1
661	2	1
661	273	1
661	1602	1
662	1276	1
662	973	1
662	1032	1
662	19	1
662	334	1
662	572	1
662	47	1
663	141	1
663	1692	1
663	50	1
663	1690	1
664	331	1
664	1617	1
664	1374	1
664	134	1
664	245	1
664	160	1
664	314	1
664	5	1
665	1143	1
665	973	1
665	789	1
665	50	1
665	873	1
665	8	1
666	227	1
666	833	1
666	266	1
666	1038	1
666	94	1
666	5	1
666	320	1
666	90	1
666	200	1
667	61	1
667	79	1
667	908	1
668	321	1
668	8	1
668	457	1
668	82	1
668	1316	1
668	326	1
668	504	1
668	113	1
669	643	1
669	390	1
669	6	1
669	40	1
669	168	1
669	792	1
669	523	1
670	168	1
670	545	1
670	428	1
670	243	1
670	49	1
670	214	1
671	155	1
671	314	1
671	50	1
671	157	1
671	134	1
671	42	1
671	455	1
671	895	1
672	96	1
672	908	1
672	237	1
672	206	1
672	8	1
672	594	1
673	137	1
673	248	1
673	901	1
673	613	1
673	37	1
674	353	1
674	273	1
674	988	1
674	382	1
674	96	1
674	451	1
674	1602	1
675	369	1
675	1100	1
675	557	1
675	187	1
675	851	1
675	713	1
675	320	1
675	479	1
675	1692	1
675	422	1
675	211	1
675	42	1
676	302	1
676	143	1
676	720	1
676	305	1
676	1613	1
676	893	1
676	156	1
677	235	1
677	160	1
677	507	1
677	32	1
677	50	1
677	7	1
678	8	1
678	32	1
678	162	1
678	183	1
678	422	1
678	305	1
678	112	1
679	331	1
679	1499	1
679	402	1
679	211	1
679	1545	1
680	8	1
680	160	1
680	457	1
680	696	1
680	247	1
681	428	1
681	320	1
681	333	1
681	61	1
681	599	1
681	7	1
681	1146	1
682	3	1
682	982	1
682	312	1
682	328	1
682	248	1
682	159	1
682	1327	1
683	305	1
683	66	1
683	482	1
683	60	1
683	373	1
683	624	1
683	359	1
684	1529	1
684	305	1
684	103	1
684	1741	1
684	1431	1
684	585	1
684	346	1
684	202	1
685	21	1
685	1221	1
685	53	1
685	1365	1
685	1511	1
685	1539	1
685	334	1
685	199	1
685	463	1
685	43	1
685	1255	1
685	8	1
686	359	1
686	168	1
686	711	1
686	73	1
687	168	1
687	70	1
687	426	1
687	250	1
687	1032	1
687	66	1
687	62	1
688	507	1
688	451	1
688	1715	1
688	3	1
688	1	1
688	876	1
689	187	1
689	523	1
689	507	1
689	698	1
689	650	1
689	825	1
689	376	1
689	131	1
689	103	1
689	50	1
689	331	1
689	723	1
690	65	1
690	38	1
690	168	1
690	517	1
690	75	1
690	447	1
690	104	1
690	734	1
690	3	1
691	789	1
691	673	1
691	19	1
691	992	1
691	43	1
691	53	1
691	394	1
692	331	1
692	200	1
692	6	1
693	973	1
693	8	1
693	353	1
693	360	1
693	508	1
693	500	1
693	99	1
693	79	1
693	200	1
694	143	1
694	245	1
694	1635	1
694	230	1
694	90	1
694	1723	1
694	8	1
694	394	1
694	794	1
694	156	1
694	314	1
694	861	1
695	50	1
695	145	1
695	12	1
695	312	1
695	2441	1
695	254	1
695	1418	1
696	501	1
696	949	1
696	585	1
696	155	1
696	2	1
696	61	1
696	162	1
697	1160	1
697	8	1
697	515	1
697	1727	1
697	431	1
697	386	1
697	180	1
698	196	1
698	1144	1
698	833	1
698	2049	1
698	221	1
698	5	1
698	187	1
698	1729	1
699	47	1
699	754	1
699	305	1
699	307	1
699	373	1
699	199	1
699	1644	1
700	361	1
700	331	1
700	8	1
700	1073	1
700	308	1
700	1411	1
700	211	1
701	189	1
701	597	1
701	333	1
702	331	1
702	8	1
702	971	1
702	145	1
702	459	1
702	422	1
702	288	1
703	7	1
703	104	1
703	978	1
703	1240	1
703	370	1
703	959	1
704	334	1
704	348	1
704	65	1
704	305	1
704	501	1
705	1319	1
705	1431	1
705	1530	1
706	457	1
706	187	1
706	288	1
706	7	1
706	1297	1
706	451	1
706	254	1
706	802	1
707	441	1
707	758	1
707	96	1
707	44	1
707	163	1
707	507	1
707	61	1
708	1132	1
708	431	1
708	1139	1
708	163	1
708	467	1
708	196	1
708	153	1
709	187	1
709	100	1
709	242	1
709	50	1
709	1737	1
709	288	1
710	77	1
710	1434	1
710	166	1
710	1128	1
710	249	1
710	173	1
710	957	1
711	369	1
711	227	1
711	55	1
711	1146	1
711	61	1
711	128	1
711	145	1
712	106	1
712	73	1
712	183	1
712	288	1
712	209	1
712	1741	1
712	113	1
713	1418	1
713	1160	1
713	999	1
713	838	1
713	1067	1
713	321	1
713	189	1
714	8	1
714	330	1
714	585	1
714	90	1
714	162	1
714	301	1
714	184	1
714	305	1
714	100	1
714	163	1
714	246	1
715	815	1
715	254	1
715	304	1
715	550	1
716	2	1
716	50	1
716	8	1
716	516	1
716	637	1
716	1369	1
717	386	1
717	370	1
717	3	1
717	256	1
718	61	1
718	250	1
718	1329	1
718	278	1
718	32	1
718	189	1
718	1143	1
718	162	1
718	431	1
719	618	1
719	77	1
719	145	1
719	55	1
719	345	1
719	455	1
719	8	1
720	158	1
720	96	1
720	187	1
720	94	1
720	165	1
720	2	1
720	278	1
720	642	1
720	774	1
720	113	1
720	1751	1
720	163	1
721	216	1
721	70	1
721	155	1
721	250	1
721	1394	1
722	70	1
722	866	1
722	427	1
722	1550	1
722	1601	1
723	636	1
723	1132	1
723	53	1
723	778	1
723	94	1
723	79	1
723	990	1
723	647	1
724	1322	1
724	375	1
724	177	1
725	50	1
725	1145	1
725	61	1
725	173	1
725	254	1
725	250	1
725	337	1
726	1683	1
726	61	1
726	337	1
726	515	1
726	8	1
726	341	1
726	1063	1
728	238	1
728	2	1
728	387	1
728	442	1
728	1761	1
728	382	1
728	77	1
730	493	1
730	177	1
730	767	1
730	768	1
730	1264	1
730	883	1
730	139	1
731	198	1
731	376	1
731	6	1
731	386	1
731	180	1
731	375	1
731	307	1
732	686	1
732	360	1
732	642	1
732	1093	1
732	815	1
732	303	1
732	350	1
732	2036	1
733	314	1
733	507	1
733	288	1
733	5	1
733	187	1
733	32	1
734	302	1
734	303	1
734	1251	1
734	1152	1
734	304	1
735	341	1
735	155	1
735	1715	1
735	94	1
735	247	1
735	304	1
735	650	1
735	651	1
735	982	1
735	183	1
735	31	1
736	373	1
736	106	1
736	1240	1
736	620	1
736	1768	1
736	8	1
737	1085	1
737	218	1
737	1644	1
737	355	1
737	563	1
737	109	1
737	7	1
738	82	1
738	93	1
738	431	1
738	1071	1
738	211	1
738	1221	1
738	103	1
738	79	1
739	8	1
739	169	1
739	166	1
739	314	1
739	185	1
739	342	1
739	2	1
739	53	1
739	957	1
739	1787	1
740	288	1
740	143	1
740	276	1
740	50	1
740	25	1
740	275	1
740	285	1
740	243	1
740	157	1
740	121	1
741	44	1
741	1167	1
741	172	1
741	288	1
741	5	1
741	286	1
741	19	1
742	1777	1
742	96	1
742	673	1
742	455	1
742	359	1
742	238	1
742	369	1
742	8	1
742	103	1
742	358	1
743	88	1
743	247	1
743	8	1
743	280	1
743	145	1
743	1128	1
743	112	1
743	82	1
744	8	1
744	401	1
744	187	1
744	321	1
744	783	1
744	216	1
744	47	1
744	254	1
745	601	1
745	922	1
745	1723	1
745	61	1
745	145	1
745	196	1
745	312	1
746	331	1
746	168	1
746	8	1
746	117	1
746	138	1
746	451	1
747	331	1
747	8	1
747	369	1
747	330	1
747	545	1
747	198	1
747	762	1
747	50	1
747	1362	1
747	1623	1
747	464	1
748	79	1
748	358	1
748	428	1
748	168	1
748	1785	1
748	804	1
748	861	1
748	330	1
748	54	1
748	1240	1
748	1787	1
749	49	1
749	400	1
749	558	1
749	331	1
749	479	1
749	155	1
749	150	1
750	133	1
750	234	1
750	1071	1
750	714	1
750	2	1
750	43	1
750	794	1
750	111	1
750	898	1
750	386	1
750	72	1
751	895	1
751	422	1
751	395	1
751	205	1
751	236	1
751	160	1
751	202	1
751	442	1
751	1313	1
752	97	1
752	500	1
752	226	1
752	8	1
752	492	1
753	47	1
753	488	1
753	6	1
753	38	1
753	476	1
753	173	1
753	288	1
753	305	1
753	114	1
753	479	1
753	155	1
754	451	1
754	1394	1
754	1156	1
754	1167	1
754	6	1
754	1441	1
754	104	1
755	799	1
755	563	1
755	1792	1
755	401	1
756	895	1
756	96	1
756	250	1
756	354	1
758	133	1
758	649	1
758	114	1
758	394	1
758	99	1
759	331	1
759	42	1
759	386	1
759	7	1
759	308	1
759	431	1
759	370	1
760	1876	1
760	244	1
760	428	1
760	451	1
760	382	1
760	626	1
760	248	1
760	442	1
760	1297	1
761	722	1
761	1038	1
761	1806	1
761	553	1
761	163	1
761	187	1
761	5	1
762	18	1
762	686	1
762	137	1
762	104	1
762	79	1
763	312	1
763	309	1
763	79	1
763	143	1
763	30	1
763	29	1
763	861	1
765	759	1
765	877	1
765	1143	1
766	522	1
766	1127	1
766	312	1
766	1809	1
766	804	1
766	668	1
766	675	1
766	113	1
767	50	1
767	783	1
767	288	1
767	340	1
767	169	1
767	151	1
767	743	1
767	19	1
768	331	1
768	14	1
768	1475	1
768	308	1
768	211	1
768	9	1
768	61	1
768	1428	1
768	1192	1
769	1311	1
769	50	1
769	702	1
769	70	1
770	469	1
770	240	1
770	1264	1
770	880	1
770	1300	1
770	504	1
770	136	1
771	783	1
771	143	1
771	70	1
771	169	1
771	250	1
772	145	1
772	8	1
772	595	1
772	83	1
772	103	1
773	203	1
773	172	1
773	32	1
773	149	1
773	50	1
773	73	1
773	759	1
773	19	1
773	5	1
774	1120	1
774	104	1
774	459	1
774	645	1
774	240	1
774	1084	1
774	1683	1
774	1852	1
774	801	1
775	287	1
775	304	1
775	861	1
775	286	1
775	647	1
775	479	1
775	418	1
775	30	1
776	288	1
776	289	1
776	113	1
776	100	1
776	304	1
776	346	1
776	1715	1
777	1167	1
777	1751	1
777	1917	1
777	586	1
777	112	1
777	1297	1
777	320	1
778	308	1
778	93	1
778	331	1
778	402	1
778	42	1
778	261	1
778	883	1
779	79	1
779	370	1
779	73	1
779	82	1
779	1727	1
779	8	1
779	42	1
780	8	1
780	459	1
780	1377	1
780	261	1
780	79	1
780	94	1
780	789	1
780	36	1
781	799	1
781	160	1
781	8	1
781	953	1
781	515	1
781	331	1
782	1211	1
782	794	1
782	1470	1
782	70	1
782	601	1
782	155	1
782	244	1
782	143	1
783	1690	1
783	32	1
783	1144	1
783	1618	1
783	111	1
783	94	1
783	3	1
784	833	1
784	859	1
784	1007	1
784	840	1
784	61	1
785	183	1
785	186	1
785	3	1
785	899	1
785	29	1
786	186	1
786	245	1
786	2125	1
786	1362	1
786	820	1
786	32	1
787	987	1
787	840	1
787	523	1
787	117	1
787	94	1
788	724	1
788	401	1
788	1393	1
788	155	1
788	822	1
788	422	1
788	250	1
789	147	1
789	973	1
789	77	1
789	305	1
789	959	1
789	32	1
789	358	1
789	31	1
789	288	1
790	42	1
790	6	1
790	908	1
791	934	1
791	515	1
791	227	1
791	50	1
791	331	1
791	330	1
791	440	1
792	247	1
792	1787	1
792	642	1
792	294	1
792	556	1
792	2	1
792	990	1
792	21	1
793	546	1
793	585	1
793	1751	1
793	651	1
793	614	1
793	53	1
793	94	1
793	338	1
793	650	1
793	162	1
794	1211	1
794	346	1
794	1617	1
794	245	1
794	821	1
795	106	1
795	714	1
795	305	1
795	650	1
796	641	1
796	296	1
796	8	1
796	113	1
796	851	1
796	1144	1
796	251	1
797	544	1
797	1806	1
797	578	1
797	73	1
797	5	1
797	250	1
797	713	1
798	1039	1
798	1494	1
798	185	1
798	254	1
798	8	1
798	889	1
798	353	1
798	636	1
798	3	1
798	38	1
799	973	1
799	312	1
799	1203	1
799	250	1
799	719	1
799	61	1
800	278	1
800	61	1
800	369	1
800	248	1
800	159	1
800	426	1
800	96	1
800	173	1
801	207	1
801	273	1
801	578	1
801	251	1
801	673	1
801	1167	1
801	828	1
802	7	1
802	38	1
802	8	1
802	168	1
802	288	1
802	304	1
802	19	1
802	1485	1
803	254	1
803	908	1
803	8	1
803	1051	1
803	112	1
803	50	1
804	1602	1
804	82	1
804	211	1
804	331	1
804	73	1
805	145	1
805	1847	1
805	650	1
805	25	1
805	163	1
805	19	1
805	288	1
806	182	1
806	38	1
806	702	1
806	99	1
806	44	1
806	245	1
806	724	1
807	403	1
807	451	1
807	304	1
807	288	1
807	1849	1
807	362	1
807	406	1
807	128	1
807	722	1
807	395	1
807	1170	1
807	8	1
807	1983	1
808	1327	1
808	348	1
808	866	1
808	331	1
808	189	1
808	304	1
808	573	1
809	187	1
809	3	1
809	359	1
809	637	1
809	50	1
809	288	1
809	585	1
809	8	1
810	8	1
810	214	1
810	304	1
810	838	1
811	209	1
811	202	1
811	394	1
811	245	1
811	713	1
812	39	1
812	720	1
812	376	1
813	145	1
813	38	1
813	391	1
813	8	1
813	734	1
813	187	1
813	288	1
814	369	1
814	358	1
814	199	1
814	38	1
814	651	1
814	316	1
814	1396	1
815	1632	1
815	651	1
815	54	1
815	94	1
815	6	1
815	50	1
815	444	1
816	453	1
816	305	1
816	294	1
816	239	1
816	8	1
816	193	1
816	585	1
817	112	1
817	250	1
817	1302	1
817	251	1
817	476	1
817	6	1
817	45	1
818	266	1
818	1240	1
818	299	1
818	151	1
819	111	1
819	8	1
819	45	1
819	278	1
820	649	1
820	47	1
820	359	1
820	402	1
820	1067	1
820	412	1
821	18	1
821	624	1
821	158	1
821	55	1
821	165	1
821	50	1
821	250	1
821	32	1
821	508	1
822	171	1
822	275	1
822	8	1
822	938	1
822	29	1
822	7	1
822	155	1
822	73	1
823	171	1
823	386	1
823	184	1
823	5	1
823	245	1
823	304	1
823	288	1
823	523	1
823	2022	1
824	244	1
824	880	1
824	53	1
824	38	1
825	2	1
825	16	1
825	254	1
826	1617	1
826	186	1
826	386	1
826	537	1
826	133	1
826	880	1
826	822	1
827	3	1
827	8	1
827	77	1
827	2	1
827	53	1
827	38	1
827	103	1
827	637	1
828	1880	1
828	238	1
828	203	1
828	94	1
828	876	1
828	1463	1
828	457	1
829	50	1
829	8	1
829	288	1
829	840	1
829	1557	1
829	6	1
830	20	1
830	304	1
830	200	1
830	838	1
830	77	1
830	1211	1
831	173	1
831	390	1
831	982	1
831	1257	1
831	318	1
831	1588	1
831	482	1
831	979	1
831	44	1
832	446	1
832	312	1
832	955	1
832	444	1
833	79	1
833	331	1
833	669	1
833	314	1
833	189	1
833	180	1
834	238	1
834	1632	1
834	1796	1
834	459	1
834	901	1
835	1618	1
835	399	1
835	238	1
835	583	1
835	305	1
835	207	1
835	19	1
835	8	1
836	501	1
836	260	1
836	291	1
836	1427	1
836	331	1
836	61	1
836	14	1
837	895	1
837	1051	1
837	236	1
837	21	1
837	1880	1
837	585	1
838	19	1
838	391	1
838	516	1
838	382	1
838	173	1
838	50	1
838	8	1
839	1185	1
839	390	1
839	50	1
839	422	1
839	82	1
839	585	1
839	185	1
839	1607	1
839	155	1
839	278	1
840	561	1
840	1164	1
840	42	1
840	205	1
840	516	1
840	1339	1
840	1002	1
840	414	1
840	879	1
841	40	1
841	8	1
841	903	1
841	320	1
841	1351	1
841	1255	1
841	145	1
842	1853	1
842	241	1
842	47	1
842	171	1
842	42	1
842	386	1
842	811	1
843	1238	1
843	44	1
843	435	1
843	522	1
844	83	1
844	851	1
844	774	1
844	1165	1
844	254	1
844	908	1
844	66	1
845	249	1
845	278	1
845	96	1
846	331	1
846	180	1
846	99	1
846	19	1
846	104	1
846	986	1
846	12	1
847	3	1
847	6	1
847	77	1
847	723	1
847	1	1
847	330	1
847	53	1
847	248	1
847	428	1
848	3	1
848	412	1
848	428	1
848	163	1
848	288	1
848	390	1
848	42	1
848	358	1
848	7	1
849	214	1
849	698	1
849	521	1
849	448	1
849	187	1
849	19	1
849	1613	1
849	476	1
849	330	1
850	126	1
850	919	1
850	468	1
850	1428	1
850	331	1
850	375	1
850	254	1
851	254	1
851	305	1
851	959	1
851	1509	1
851	6	1
851	747	1
851	569	1
851	359	1
851	1281	1
851	1039	1
852	117	1
852	242	1
852	1211	1
852	143	1
852	506	1
852	1471	1
852	507	1
852	44	1
852	288	1
852	643	1
853	1434	1
853	168	1
853	702	1
853	1300	1
853	390	1
853	32	1
854	111	1
854	183	1
854	597	1
854	69	1
854	1128	1
855	348	1
855	472	1
855	96	1
855	1602	1
855	278	1
855	1302	1
855	42	1
855	288	1
855	1038	1
855	305	1
856	138	1
856	37	1
856	375	1
856	307	1
856	79	1
856	261	1
856	1428	1
856	294	1
856	12	1
857	8	1
857	266	1
857	73	1
857	96	1
857	288	1
857	348	1
858	250	1
858	1656	1
858	221	1
858	50	1
858	166	1
858	19	1
858	1638	1
858	253	1
859	111	1
859	288	1
859	96	1
859	6	1
859	833	1
859	77	1
859	1798	1
860	93	1
860	53	1
860	7	1
860	73	1
860	346	1
861	8	1
861	326	1
861	145	1
861	77	1
861	73	1
861	1255	1
861	1623	1
861	250	1
861	249	1
861	187	1
861	774	1
861	423	1
861	876	1
861	251	1
861	45	1
862	507	1
862	428	1
862	214	1
863	256	1
863	467	1
863	65	1
863	77	1
863	61	1
863	386	1
864	203	1
864	458	1
864	362	1
864	304	1
864	112	1
865	237	1
865	420	1
865	82	1
865	8	1
865	61	1
865	376	1
866	675	1
866	1257	1
866	395	1
866	463	1
866	1333	1
866	665	1
866	546	1
867	6	1
867	312	1
867	774	1
867	187	1
867	789	1
867	585	1
867	88	1
868	110	1
868	94	1
868	115	1
868	522	1
868	105	1
868	203	1
868	61	1
868	1240	1
868	168	1
868	1917	1
869	600	1
869	94	1
869	163	1
869	3	1
869	288	1
869	446	1
869	249	1
870	641	1
870	19	1
870	254	1
870	1032	1
870	8	1
870	643	1
870	250	1
871	881	1
871	1966	1
871	696	1
871	573	1
871	1545	1
871	855	1
871	601	1
871	155	1
871	1	1
872	165	1
872	138	1
872	234	1
872	47	1
872	103	1
872	96	1
872	412	1
872	112	1
872	987	1
872	187	1
873	46	1
873	304	1
873	1737	1
873	1051	1
873	1364	1
873	806	1
873	493	1
874	227	1
874	97	1
874	88	1
874	173	1
874	232	1
874	50	1
874	8	1
875	376	1
875	762	1
875	79	1
875	167	1
875	61	1
875	248	1
875	50	1
875	94	1
875	337	1
876	840	1
876	657	1
876	12	1
876	1530	1
876	173	1
877	8	1
877	38	1
877	36	1
877	99	1
877	158	1
877	305	1
877	362	1
878	7	1
878	109	1
878	675	1
878	1778	1
878	1377	1
878	73	1
878	143	1
879	7	1
879	8	1
879	288	1
879	79	1
879	244	1
879	719	1
880	50	1
880	275	1
880	96	1
880	780	1
880	216	1
880	8	1
880	25	1
880	711	1
881	643	1
881	636	1
881	68	1
882	369	1
882	402	1
882	61	1
882	211	1
882	114	1
882	42	1
883	320	1
883	1270	1
883	168	1
883	70	1
884	400	1
884	883	1
884	207	1
884	835	1
884	783	1
884	50	1
884	395	1
885	389	1
885	8	1
885	751	1
885	1071	1
885	180	1
886	708	1
886	46	1
886	1535	1
886	1078	1
886	1192	1
886	344	1
887	1403	1
887	53	1
887	43	1
887	5	1
887	248	1
887	96	1
888	121	1
888	14	1
888	211	1
888	304	1
888	29	1
889	1632	1
889	358	1
889	50	1
889	70	1
889	165	1
889	77	1
890	160	1
890	702	1
890	1310	1
890	79	1
891	373	1
891	394	1
891	189	1
891	68	1
891	171	1
891	114	1
892	1952	1
892	796	1
892	1951	1
893	137	1
893	8	1
893	291	1
893	1454	1
893	1328	1
894	275	1
894	626	1
894	233	1
894	362	1
894	1555	1
894	38	1
894	741	1
895	1811	1
895	1428	1
895	1613	1
895	1511	1
895	414	1
895	177	1
895	16	1
895	180	1
895	654	1
896	624	1
896	507	1
896	630	1
896	73	1
896	7	1
897	187	1
897	70	1
897	523	1
897	1377	1
897	1203	1
897	1374	1
897	455	1
897	286	1
897	160	1
898	1216	1
898	774	1
898	334	1
898	168	1
898	582	1
898	651	1
899	573	1
899	8	1
899	177	1
899	696	1
899	1365	1
899	331	1
899	105	1
899	174	1
899	751	1
899	187	1
900	61	1
900	65	1
900	992	1
900	971	1
900	1726	1
900	166	1
901	18	1
901	501	1
901	722	1
901	73	1
901	427	1
901	277	1
901	1002	1
902	79	1
902	719	1
902	789	1
902	2201	1
902	38	1
902	287	1
902	8	1
903	79	1
903	305	1
903	2013	1
903	115	1
903	624	1
903	218	1
904	376	1
904	375	1
904	82	1
904	8	1
905	114	1
905	722	1
905	585	1
905	1224	1
905	582	1
906	985	1
906	375	1
906	189	1
906	1485	1
906	125	1
907	278	1
907	183	1
907	1165	1
907	422	1
907	594	1
908	254	1
908	200	1
908	552	1
908	401	1
909	103	1
909	211	1
909	636	1
909	138	1
909	402	1
909	363	1
909	898	1
909	331	1
910	158	1
910	1145	1
910	55	1
910	1040	1
910	231	1
910	532	1
911	249	1
911	899	1
911	6	1
911	57	1
911	990	1
911	21	1
911	696	1
912	979	1
912	1085	1
912	2382	1
912	597	1
912	1144	1
912	631	1
912	19	1
912	45	1
912	294	1
912	427	1
912	57	1
912	2366	1
913	247	1
913	19	1
913	321	1
913	376	1
913	82	1
913	1819	1
913	1145	1
913	44	1
914	1821	1
914	1465	1
914	3	1
914	168	1
914	345	1
914	65	1
915	232	1
915	248	1
915	83	1
915	469	1
915	8	1
916	3	1
916	50	1
916	1729	1
916	112	1
916	594	1
916	278	1
916	19	1
917	254	1
917	50	1
917	233	1
917	1545	1
918	254	1
918	1434	1
918	266	1
918	180	1
918	504	1
919	626	1
919	359	1
919	851	1
919	215	1
920	1983	1
920	1170	1
920	409	1
921	675	1
921	3	1
921	794	1
921	440	1
921	8	1
921	1377	1
921	143	1
921	73	1
921	1532	1
922	180	1
922	96	1
922	451	1
922	156	1
922	19	1
922	1240	1
922	3	1
923	36	1
923	1796	1
923	557	1
923	127	1
923	265	1
923	97	1
923	1052	1
923	180	1
924	957	1
924	69	1
924	557	1
924	792	1
924	169	1
925	163	1
925	93	1
925	370	1
925	231	1
925	9	1
925	386	1
925	8	1
926	1511	1
926	320	1
926	358	1
926	248	1
926	288	1
926	105	1
926	145	1
927	236	1
927	163	1
927	590	1
928	1128	1
928	375	1
928	83	1
928	50	1
928	227	1
929	774	1
929	103	1
929	637	1
929	362	1
929	83	1
929	1159	1
929	231	1
930	249	1
930	19	1
930	166	1
930	50	1
930	214	1
930	173	1
931	188	1
931	363	1
931	889	1
931	323	1
931	1082	1
931	1203	1
931	198	1
931	789	1
931	19	1
931	850	1
932	3	1
932	451	1
932	160	1
932	370	1
932	1302	1
932	386	1
932	166	1
932	145	1
933	8	1
933	65	1
933	79	1
933	874	1
933	61	1
933	802	1
933	189	1
933	1454	1
934	521	1
934	160	1
934	544	1
934	523	1
934	250	1
934	630	1
934	43	1
935	539	1
935	642	1
935	248	1
935	553	1
935	66	1
935	637	1
937	1529	1
937	1106	1
937	159	1
937	155	1
937	1539	1
937	44	1
938	156	1
938	922	1
938	795	1
938	50	1
938	19	1
939	955	1
939	1792	1
939	104	1
939	8	1
939	400	1
940	2141	1
940	409	1
940	1983	1
940	728	1
941	61	1
941	722	1
941	50	1
941	275	1
941	1143	1
941	248	1
941	1305	1
942	53	1
942	334	1
942	330	1
942	113	1
942	312	1
942	8	1
942	45	1
942	32	1
942	195	1
943	399	1
943	320	1
943	187	1
943	1529	1
943	691	1
944	1951	1
944	158	1
944	237	1
944	950	1
944	202	1
944	1165	1
944	111	1
944	66	1
944	585	1
945	440	1
945	171	1
945	301	1
945	9	1
945	811	1
945	260	1
945	373	1
946	362	1
946	8	1
946	501	1
946	1768	1
947	105	1
947	8	1
947	104	1
947	263	1
947	307	1
947	1071	1
947	106	1
948	8	1
948	1819	1
948	294	1
949	37	1
949	307	1
949	381	1
949	386	1
949	370	1
949	585	1
949	375	1
950	369	1
950	585	1
950	637	1
950	1587	1
950	42	1
950	2013	1
951	585	1
951	138	1
951	250	1
951	294	1
951	93	1
951	8	1
951	9	1
952	637	1
952	855	1
952	158	1
952	3	1
952	8	1
952	337	1
953	25	1
953	1518	1
953	173	1
954	305	1
954	585	1
954	158	1
954	249	1
954	8	1
954	173	1
955	288	1
955	647	1
955	187	1
955	789	1
955	1131	1
955	644	1
956	1143	1
956	6	1
956	507	1
956	242	1
956	1539	1
956	1587	1
957	171	1
957	1038	1
957	79	1
957	305	1
958	346	1
958	6	1
958	155	1
958	1040	1
958	1806	1
958	1026	1
958	2601	1
958	47	1
958	266	1
958	654	1
959	83	1
959	594	1
959	8	1
959	1048	1
959	625	1
959	61	1
959	1165	1
959	553	1
960	708	1
960	19	1
960	1362	1
960	1518	1
960	50	1
960	232	1
960	150	1
961	1129	1
961	168	1
961	288	1
961	2022	1
961	1557	1
961	187	1
961	979	1
961	1	1
962	442	1
962	955	1
962	96	1
962	285	1
962	187	1
962	150	1
962	155	1
963	557	1
963	463	1
963	337	1
963	973	1
963	1403	1
963	876	1
963	66	1
963	104	1
964	104	1
964	448	1
964	648	1
964	90	1
964	345	1
964	263	1
964	1276	1
965	802	1
965	261	1
965	9	1
965	331	1
965	431	1
965	1071	1
965	173	1
966	1963	1
966	8	1
966	517	1
966	162	1
966	722	1
966	331	1
966	363	1
967	159	1
967	169	1
967	254	1
967	345	1
967	353	1
967	73	1
967	1319	1
967	112	1
967	1093	1
967	500	1
967	387	1
967	595	1
968	386	1
968	300	1
968	29	1
968	114	1
969	1441	1
969	61	1
969	1511	1
969	2022	1
969	1013	1
969	477	1
969	1128	1
969	382	1
969	65	1
970	258	1
970	1683	1
970	254	1
970	19	1
970	50	1
970	8	1
971	1051	1
971	32	1
971	990	1
971	1785	1
971	1128	1
971	44	1
971	1119	1
971	145	1
971	601	1
972	1107	1
972	373	1
972	1310	1
972	202	1
972	696	1
972	278	1
972	774	1
972	1785	1
972	317	1
973	651	1
973	1550	1
973	516	1
973	155	1
973	147	1
973	713	1
973	845	1
973	2036	1
973	1128	1
974	901	1
974	873	1
974	104	1
974	889	1
974	375	1
974	189	1
975	757	1
975	428	1
975	106	1
975	386	1
975	216	1
975	467	1
975	637	1
975	8	1
976	2	1
976	163	1
976	1364	1
976	866	1
976	304	1
976	7	1
976	363	1
976	145	1
977	136	1
977	211	1
977	1318	1
977	114	1
978	451	1
978	457	1
978	186	1
978	237	1
978	275	1
979	973	1
979	104	1
979	137	1
979	238	1
979	31	1
979	171	1
979	19	1
979	46	1
980	8	1
980	376	1
980	82	1
980	79	1
980	138	1
980	103	1
980	199	1
981	248	1
981	650	1
981	112	1
982	339	1
982	196	1
982	168	1
982	646	1
982	734	1
982	8	1
983	8	1
983	760	1
983	331	1
983	156	1
983	44	1
983	402	1
983	469	1
984	226	1
984	249	1
984	216	1
984	73	1
984	145	1
984	637	1
985	245	1
985	308	1
985	19	1
985	50	1
985	794	1
985	261	1
985	312	1
986	239	1
986	53	1
986	8	1
986	1052	1
986	353	1
986	370	1
986	362	1
987	1002	1
987	1146	1
987	428	1
987	31	1
987	1131	1
987	359	1
987	506	1
988	1494	1
988	248	1
988	1511	1
988	668	1
988	1785	1
988	866	1
988	987	1
989	330	1
989	554	1
989	451	1
989	73	1
989	1588	1
989	427	1
989	1396	1
989	40	1
990	445	1
990	82	1
990	50	1
990	211	1
990	300	1
990	376	1
990	103	1
990	55	1
990	172	1
990	189	1
991	18	1
991	386	1
991	104	1
991	32	1
991	1454	1
991	97	1
991	305	1
992	625	1
992	50	1
992	796	1
992	636	1
992	1952	1
992	463	1
992	561	1
993	395	1
993	281	1
993	42	1
993	1751	1
994	337	1
994	318	1
994	333	1
994	1729	1
994	441	1
994	1080	1
994	792	1
995	353	1
995	320	1
995	96	1
995	163	1
995	83	1
995	295	1
995	451	1
996	114	1
996	8	1
996	314	1
996	744	1
996	400	1
996	127	1
997	988	1
997	602	1
997	186	1
997	216	1
997	160	1
997	1270	1
997	183	1
998	1365	1
998	722	1
998	362	1
998	1530	1
998	305	1
998	88	1
998	251	1
998	1100	1
998	202	1
999	1329	1
999	339	1
999	465	1
999	340	1
999	1328	1
1000	307	1
1000	263	1
1000	123	1
1000	249	1
1000	331	1
1000	55	1
1000	177	1
1000	1418	1
1000	375	1
1001	362	1
1001	8	1
1001	36	1
1001	256	1
1001	104	1
1001	386	1
1002	145	1
1002	203	1
1002	338	1
1002	312	1
1002	2	1
1002	206	1
1002	802	1
1003	3	1
1003	288	1
1003	160	1
1003	8	1
1003	353	1
1003	428	1
1003	523	1
1005	765	1
1005	382	1
1005	291	1
1005	675	1
1005	523	1
1005	7	1
1005	600	1
1005	186	1
1005	630	1
1005	203	1
1006	406	1
1006	47	1
1006	507	1
1006	126	1
1006	168	1
1006	1369	1
1006	82	1
1006	1276	1
1006	187	1
1007	651	1
1007	177	1
1007	209	1
1007	304	1
1008	668	1
1008	305	1
1008	8	1
1008	338	1
1008	112	1
1008	982	1
1009	631	1
1009	498	1
1009	1737	1
1009	242	1
1009	50	1
1009	19	1
1010	189	1
1010	1414	1
1010	61	1
1010	375	1
1010	636	1
1010	479	1
1010	136	1
1011	248	1
1011	903	1
1011	600	1
1011	247	1
1011	94	1
1011	691	1
1011	44	1
1011	869	1
1011	219	1
1011	651	1
1011	61	1
1011	774	1
1012	795	1
1012	799	1
1012	1849	1
1012	1346	1
1013	198	1
1013	139	1
1013	19	1
1013	1952	1
1013	304	1
1014	43	1
1014	1146	1
1014	168	1
1014	77	1
1014	61	1
1015	237	1
1015	1215	1
1015	96	1
1015	625	1
1015	594	1
1016	125	1
1016	637	1
1016	177	1
1016	12	1
1016	8	1
1017	96	1
1017	189	1
1017	177	1
1017	18	1
1017	986	1
1018	54	1
1018	228	1
1018	97	1
1018	303	1
1018	362	1
1018	88	1
1018	112	1
1019	60	1
1019	206	1
1019	2077	1
1019	249	1
1019	121	1
1019	5	1
1020	30	1
1020	382	1
1020	2	1
1020	387	1
1020	585	1
1021	1238	1
1021	82	1
1021	1434	1
1021	507	1
1021	8	1
1021	65	1
1021	501	1
1022	779	1
1022	12	1
1022	640	1
1022	162	1
1022	686	1
1022	321	1
1023	19	1
1023	317	1
1023	316	1
1023	295	1
1024	394	1
1024	6	1
1024	8	1
1024	155	1
1024	880	1
1024	275	1
1024	242	1
1024	38	1
1024	789	1
1025	43	1
1025	1145	1
1025	469	1
1025	77	1
1025	307	1
1025	94	1
1025	305	1
1026	305	1
1026	104	1
1026	196	1
1026	139	1
1026	88	1
1026	8	1
1026	353	1
1027	357	1
1027	8	1
1027	761	1
1027	428	1
1027	94	1
1027	1107	1
1027	99	1
1028	256	1
1028	386	1
1028	370	1
1028	263	1
1028	1517	1
1028	467	1
1028	177	1
1029	702	1
1029	163	1
1029	2441	1
1029	183	1
1029	590	1
1029	1146	1
1029	5	1
1029	187	1
1029	1847	1
1030	305	1
1030	263	1
1030	362	1
1030	112	1
1030	8	1
1030	248	1
1030	82	1
1031	54	1
1031	1211	1
1031	303	1
1031	8	1
1031	479	1
1031	642	1
1031	143	1
1031	801	1
1031	47	1
1032	305	1
1032	1264	1
1032	774	1
1032	880	1
1032	789	1
1032	42	1
1032	757	1
1032	6	1
1033	156	1
1033	50	1
1033	106	1
1033	2675	1
1033	369	1
1033	647	1
1034	244	1
1034	1013	1
1034	353	1
1034	312	1
1034	248	1
1035	73	1
1035	8	1
1035	238	1
1035	5	1
1035	104	1
1035	1683	1
1036	73	1
1036	171	1
1036	386	1
1036	1272	1
1036	370	1
1036	1192	1
1036	307	1
1036	978	1
1036	104	1
1037	1339	1
1037	1128	1
1037	482	1
1037	247	1
1037	288	1
1037	595	1
1037	553	1
1037	20	1
1037	6	1
1037	50	1
1038	420	1
1038	601	1
1038	897	1
1038	1453	1
1039	247	1
1039	458	1
1039	590	1
1039	163	1
1039	955	1
1039	61	1
1039	168	1
1039	557	1
1039	5	1
1039	1145	1
1040	455	1
1040	42	1
1040	6	1
1041	1441	1
1041	32	1
1041	516	1
1041	8	1
1041	585	1
1041	266	1
1041	61	1
1041	278	1
1041	128	1
1041	294	1
1041	422	1
1042	453	1
1042	321	1
1042	44	1
1042	168	1
1042	54	1
1042	3	1
1042	50	1
1042	278	1
1042	19	1
1043	109	1
1043	554	1
1043	594	1
1043	99	1
1043	757	1
1044	137	1
1044	573	1
1044	168	1
1044	305	1
1044	1970	1
1044	804	1
1044	337	1
1044	7	1
1044	278	1
1044	557	1
1044	73	1
1044	77	1
1044	216	1
1044	722	1
1045	458	1
1045	1051	1
1045	1582	1
1045	320	1
1045	159	1
1045	1798	1
1045	1240	1
1046	2096	1
1046	106	1
1046	304	1
1047	261	1
1047	8	1
1047	545	1
1047	226	1
1047	77	1
1047	1333	1
1047	244	1
1047	353	1
1048	1377	1
1048	254	1
1048	1644	1
1049	422	1
1049	1638	1
1049	446	1
1049	1120	1
1049	305	1
1049	1656	1
1049	1362	1
1049	61	1
1050	163	1
1050	145	1
1050	38	1
1050	1333	1
1050	73	1
1050	799	1
1050	362	1
1051	145	1
1051	2	1
1051	1442	1
1051	312	1
1052	133	1
1052	104	1
1052	8	1
1052	294	1
1052	1491	1
1053	314	1
1053	8	1
1053	25	1
1053	50	1
1053	601	1
1053	173	1
1054	145	1
1054	187	1
1054	320	1
1054	1617	1
1054	1377	1
1054	1145	1
1054	235	1
1055	889	1
1055	1152	1
1055	601	1
1055	1983	1
1055	348	1
1055	448	1
1055	1173	1
1055	304	1
1055	414	1
1055	52	1
1055	636	1
1055	409	1
1056	1431	1
1056	1929	1
1056	50	1
1057	12	1
1057	1192	1
1057	1067	1
1057	838	1
1058	321	1
1058	553	1
1058	248	1
1058	845	1
1058	8	1
1058	202	1
1058	595	1
1058	112	1
1058	247	1
1058	990	1
1059	1070	1
1059	2141	1
1059	684	1
1060	45	1
1060	774	1
1060	6	1
1060	275	1
1060	199	1
1060	61	1
1061	387	1
1061	19	1
1061	362	1
1061	345	1
1061	537	1
1062	277	1
1062	42	1
1062	636	1
1062	330	1
1062	185	1
1062	16	1
1063	895	1
1063	326	1
1063	802	1
1063	654	1
1064	8	1
1064	25	1
1064	96	1
1064	19	1
1064	455	1
1064	300	1
1064	171	1
1065	428	1
1065	1453	1
1065	320	1
1066	767	1
1066	202	1
1066	666	1
1067	501	1
1067	73	1
1067	1588	1
1067	569	1
1067	61	1
1067	3	1
1067	187	1
1067	1128	1
1067	507	1
1067	557	1
1067	254	1
1067	1547	1
1068	990	1
1068	253	1
1068	166	1
1068	1365	1
1068	6	1
1069	1509	1
1069	633	1
1069	1128	1
1069	214	1
1069	650	1
1069	94	1
1069	1038	1
1070	38	1
1070	1365	1
1070	6	1
1070	386	1
1070	73	1
1070	506	1
1070	1075	1
1071	38	1
1071	1623	1
1071	288	1
1071	901	1
1071	49	1
1071	386	1
1071	973	1
1071	979	1
1072	331	1
1072	47	1
1072	455	1
1072	30	1
1072	211	1
1072	77	1
1072	472	1
1072	275	1
1072	199	1
1073	501	1
1073	30	1
1073	275	1
1073	244	1
1073	998	1
1073	215	1
1073	7	1
1074	1	1
1074	8	1
1074	515	1
1074	643	1
1074	278	1
1074	105	1
1074	1425	1
1074	109	1
1074	320	1
1074	499	1
1074	1470	1
1075	288	1
1075	50	1
1075	248	1
1075	507	1
1075	722	1
1075	65	1
1075	211	1
1076	111	1
1076	723	1
1076	83	1
1076	8	1
1076	551	1
1076	88	1
1076	321	1
1077	37	1
1077	79	1
1077	901	1
1077	2125	1
1077	145	1
1077	794	1
1077	2036	1
1078	315	1
1078	8	1
1078	19	1
1078	242	1
1079	96	1
1079	330	1
1079	278	1
1079	2125	1
1079	50	1
1079	601	1
1080	880	1
1080	953	1
1080	256	1
1080	104	1
1080	1477	1
1080	386	1
1081	65	1
1081	206	1
1081	1951	1
1081	251	1
1081	203	1
1081	1626	1
1082	477	1
1082	110	1
1082	702	1
1082	250	1
1082	883	1
1082	151	1
1082	42	1
1082	183	1
1082	1106	1
1082	467	1
1083	104	1
1083	171	1
1083	256	1
1083	883	1
1083	373	1
1084	2	1
1084	248	1
1084	46	1
1084	1403	1
1084	53	1
1084	3	1
1085	99	1
1085	66	1
1085	96	1
1085	314	1
1085	316	1
1085	19	1
1085	744	1
1086	288	1
1086	320	1
1086	219	1
1086	50	1
1086	216	1
1086	61	1
1086	651	1
1087	65	1
1087	1048	1
1087	212	1
1087	1586	1
1087	61	1
1087	501	1
1087	114	1
1088	804	1
1088	7	1
1088	507	1
1088	3	1
1088	50	1
1088	218	1
1088	242	1
1088	288	1
1089	1240	1
1089	479	1
1089	7	1
1089	160	1
1089	25	1
1089	254	1
1089	330	1
1089	187	1
1089	1880	1
1089	632	1
1089	987	1
1091	757	1
1091	855	1
1091	400	1
1091	104	1
1091	312	1
1091	507	1
1091	314	1
1092	346	1
1092	173	1
1092	585	1
1092	451	1
1092	1164	1
1092	458	1
1092	1051	1
1092	459	1
1092	244	1
1093	299	1
1093	182	1
1093	804	1
1093	848	1
1093	799	1
1093	959	1
1093	668	1
1094	214	1
1094	724	1
1094	182	1
1094	1107	1
1094	3	1
1094	1311	1
1094	300	1
1094	288	1
1094	145	1
1094	394	1
1095	350	1
1095	173	1
1095	515	1
1095	53	1
1095	294	1
1096	42	1
1096	50	1
1096	263	1
1096	377	1
1096	8	1
1097	1475	1
1097	6	1
1097	104	1
1097	308	1
1097	880	1
1097	986	1
1097	751	1
1098	633	1
1098	359	1
1098	532	1
1098	173	1
1098	25	1
1098	1539	1
1098	1281	1
1099	1806	1
1099	8	1
1099	903	1
1099	165	1
1099	1518	1
1099	19	1
1099	1809	1
1100	1311	1
1100	471	1
1100	2141	1
1100	249	1
1100	145	1
1100	2242	1
1100	401	1
1101	523	1
1101	1085	1
1101	3	1
1101	650	1
1101	168	1
1101	1	1
1101	1617	1
1101	7	1
1101	273	1
1101	506	1
1101	244	1
1101	122	1
1101	31	1
1102	155	1
1102	173	1
1102	1613	1
1102	1853	1
1102	331	1
1103	70	1
1103	359	1
1103	155	1
1104	203	1
1104	307	1
1104	1144	1
1104	880	1
1104	537	1
1104	1414	1
1104	245	1
1104	42	1
1104	879	1
1105	38	1
1105	920	1
1105	569	1
1105	105	1
1105	266	1
1105	65	1
1105	305	1
1106	53	1
1106	19	1
1106	850	1
1106	50	1
1106	400	1
1106	250	1
1106	345	1
1107	330	1
1107	248	1
1107	50	1
1107	1013	1
1107	734	1
1108	331	1
1108	14	1
1108	353	1
1108	561	1
1108	1963	1
1108	516	1
1109	305	1
1109	444	1
1109	412	1
1109	263	1
1109	1164	1
1109	1078	1
1109	820	1
1110	6	1
1110	1281	1
1110	3	1
1110	451	1
1110	198	1
1110	250	1
1110	50	1
1111	381	1
1111	5	1
1111	1305	1
1111	171	1
1111	1013	1
1111	2	1
1111	464	1
1112	256	1
1112	96	1
1112	8	1
1112	30	1
1112	794	1
1112	99	1
1112	278	1
1113	451	1
1113	299	1
1113	103	1
1113	65	1
1113	61	1
1113	1847	1
1113	722	1
1114	266	1
1114	1013	1
1114	5	1
1114	288	1
1114	227	1
1114	171	1
1114	195	1
1115	1211	1
1115	363	1
1115	312	1
1115	1727	1
1115	1876	1
1115	45	1
1115	515	1
1116	73	1
1116	19	1
1116	482	1
1116	765	1
1116	1362	1
1116	1588	1
1116	6	1
1116	242	1
1116	218	1
1117	99	1
1117	19	1
1117	804	1
1117	163	1
1117	304	1
1117	286	1
1118	112	1
1118	47	1
1118	341	1
1118	50	1
1118	196	1
1118	422	1
1118	32	1
1118	9	1
1118	288	1
1119	804	1
1119	3	1
1119	451	1
1119	833	1
1119	1106	1
1119	57	1
1120	277	1
1120	211	1
1120	144	1
1120	19	1
1120	331	1
1120	1311	1
1120	82	1
1120	376	1
1120	898	1
1121	522	1
1121	320	1
1121	992	1
1122	959	1
1122	719	1
1122	1203	1
1122	70	1
1122	637	1
1123	2382	1
1123	218	1
1123	155	1
1123	8	1
1124	1929	1
1124	187	1
1124	206	1
1124	214	1
1125	216	1
1125	920	1
1125	274	1
1125	57	1
1125	879	1
1125	1300	1
1125	1	1
1125	506	1
1125	115	1
1126	1761	1
1126	111	1
1126	247	1
1126	278	1
1126	609	1
1127	195	1
1127	263	1
1127	227	1
1127	370	1
1127	422	1
1127	1509	1
1127	1425	1
1128	840	1
1128	66	1
1128	288	1
1128	804	1
1128	1243	1
1128	157	1
1128	247	1
1128	19	1
1128	8	1
1129	1144	1
1129	275	1
1129	304	1
1129	278	1
1129	96	1
1129	479	1
1129	242	1
1129	121	1
1129	246	1
1130	618	1
1130	1026	1
1130	8	1
1131	83	1
1131	1434	1
1131	1216	1
1131	111	1
1131	96	1
1131	53	1
1131	828	1
1132	833	1
1132	3	1
1132	8	1
1132	361	1
1132	203	1
1132	206	1
1132	811	1
1133	426	1
1133	8	1
1133	585	1
1133	227	1
1134	582	1
1134	103	1
1134	104	1
1134	42	1
1134	478	1
1134	180	1
1134	1957	1
1135	66	1
1135	1729	1
1135	8	1
1135	426	1
1135	112	1
1136	8	1
1136	400	1
1136	286	1
1136	304	1
1136	305	1
1136	1374	1
1137	168	1
1137	50	1
1137	321	1
1137	134	1
1137	8	1
1137	551	1
1137	2	1
1137	3	1
1138	1124	1
1138	833	1
1138	278	1
1138	353	1
1138	795	1
1138	459	1
1138	8	1
1138	1761	1
1138	579	1
1139	523	1
1139	804	1
1139	316	1
1140	8	1
1140	65	1
1140	144	1
1140	173	1
1140	637	1
1140	305	1
1140	61	1
1140	47	1
1141	1039	1
1141	8	1
1141	1327	1
1141	312	1
1141	291	1
1141	973	1
1141	1007	1
1142	121	1
1142	186	1
1142	245	1
1142	143	1
1142	861	1
1142	312	1
1142	442	1
1142	794	1
1142	248	1
1143	144	1
1143	128	1
1143	263	1
1143	501	1
1143	881	1
1143	6	1
1143	722	1
1144	1587	1
1144	1582	1
1144	2675	1
1144	187	1
1144	1128	1
1144	979	1
1144	173	1
1144	643	1
1144	499	1
1145	167	1
1145	6	1
1145	199	1
1145	1623	1
1145	83	1
1145	162	1
1145	177	1
1147	546	1
1147	96	1
1147	82	1
1147	446	1
1147	61	1
1147	103	1
1147	563	1
1147	414	1
1147	169	1
1148	507	1
1148	342	1
1148	160	1
1148	1328	1
1148	5	1
1148	1511	1
1148	31	1
1148	295	1
1148	702	1
1148	804	1
1149	373	1
1149	821	1
1149	106	1
1149	851	1
1149	1211	1
1149	464	1
1149	200	1
1149	414	1
1149	1240	1
1149	218	1
1149	305	1
1149	19	1
1149	216	1
1149	30	1
1149	1032	1
1150	331	1
1150	395	1
1150	375	1
1150	1418	1
1150	50	1
1150	954	1
1150	467	1
1150	73	1
1151	219	1
1151	50	1
1151	288	1
1151	172	1
1151	522	1
1151	187	1
1151	203	1
1152	651	1
1152	304	1
1152	1601	1
1152	427	1
1152	369	1
1152	300	1
1152	50	1
1152	6	1
1153	145	1
1153	302	1
1153	585	1
1153	304	1
1153	467	1
1153	1737	1
1153	8	1
1153	189	1
1154	696	1
1154	488	1
1154	820	1
1154	1013	1
1154	305	1
1155	25	1
1155	73	1
1155	5	1
1156	1156	1
1156	1374	1
1156	969	1
1156	19	1
1156	794	1
1156	922	1
1156	219	1
1156	759	1
1156	346	1
1156	1532	1
1157	8	1
1157	163	1
1157	376	1
1157	507	1
1157	637	1
1157	469	1
1157	657	1
1158	625	1
1158	202	1
1158	96	1
1158	2049	1
1158	1165	1
1158	561	1
1159	248	1
1159	180	1
1159	228	1
1159	787	1
1159	917	1
1159	327	1
1160	414	1
1160	163	1
1160	53	1
1160	708	1
1160	18	1
1160	657	1
1161	1431	1
1161	96	1
1161	362	1
1161	376	1
1161	825	1
1162	582	1
1162	2096	1
1162	934	1
1162	348	1
1162	686	1
1162	1093	1
1162	336	1
1163	45	1
1163	266	1
1163	294	1
1163	162	1
1163	65	1
1163	348	1
1163	722	1
1164	288	1
1164	400	1
1164	416	1
1164	636	1
1164	1222	1
1164	114	1
1164	42	1
1165	114	1
1165	1403	1
1165	226	1
1165	61	1
1165	501	1
1165	585	1
1165	8	1
1165	657	1
1165	232	1
1166	188	1
1166	1319	1
1166	998	1
1166	65	1
1166	8	1
1166	479	1
1167	73	1
1167	909	1
1167	294	1
1167	238	1
1167	522	1
1167	760	1
1167	8	1
1167	53	1
1167	1588	1
1167	158	1
1168	624	1
1168	1529	1
1168	21	1
1168	155	1
1168	233	1
1168	833	1
1168	1211	1
1169	5	1
1169	545	1
1169	369	1
1169	231	1
1169	1787	1
1169	305	1
1169	624	1
1170	308	1
1170	7	1
1170	1302	1
1170	291	1
1170	8	1
1170	188	1
1172	517	1
1172	54	1
1172	173	1
1172	1131	1
1172	38	1
1172	8	1
1172	251	1
1172	362	1
1172	1849	1
1172	472	1
1173	553	1
1173	184	1
1173	599	1
1173	815	1
1173	454	1
1173	314	1
1173	1131	1
1174	145	1
1174	8	1
1174	1333	1
1174	304	1
1174	305	1
1175	666	1
1175	173	1
1175	1164	1
1175	317	1
1175	117	1
1175	422	1
1175	758	1
1175	2366	1
1177	8	1
1177	1442	1
1177	198	1
1178	112	1
1178	8	1
1178	61	1
1178	585	1
1178	163	1
1178	1038	1
1179	1316	1
1179	1365	1
1179	219	1
1179	799	1
1180	395	1
1180	789	1
1180	318	1
1180	1305	1
1180	1377	1
1180	668	1
1181	1635	1
1181	314	1
1181	278	1
1181	211	1
1181	9	1
1181	375	1
1181	516	1
1181	376	1
1181	96	1
1181	305	1
1181	39	1
1181	254	1
1181	137	1
1182	256	1
1182	642	1
1182	386	1
1182	104	1
1182	708	1
1182	189	1
1182	585	1
1182	370	1
1183	87	1
1183	184	1
1183	1132	1
1183	103	1
1183	294	1
1184	165	1
1184	920	1
1184	390	1
1184	1588	1
1184	166	1
1184	1506	1
1184	73	1
1185	42	1
1185	77	1
1185	73	1
1185	8	1
1185	1146	1
1185	196	1
1185	3	1
1186	30	1
1186	8	1
1186	9	1
1186	171	1
1186	83	1
1187	637	1
1187	294	1
1187	173	1
1187	214	1
1187	874	1
1187	96	1
1188	557	1
1188	330	1
1188	65	1
1188	97	1
1188	163	1
1190	643	1
1190	70	1
1190	909	1
1190	54	1
1190	173	1
1190	66	1
1190	382	1
1190	77	1
1190	342	1
1191	6	1
1191	235	1
1191	1280	1
1191	218	1
1191	242	1
1191	451	1
1191	507	1
1191	506	1
1191	288	1
1192	129	1
1192	211	1
1192	180	1
1192	12	1
1192	375	1
1192	261	1
1192	1327	1
1192	517	1
1192	256	1
1193	65	1
1193	287	1
1193	517	1
1193	308	1
1193	169	1
1193	9	1
1193	1418	1
1194	723	1
1194	309	1
1194	458	1
1194	184	1
1194	45	1
1194	305	1
1194	263	1
1195	820	1
1195	19	1
1195	8	1
1195	472	1
1195	1617	1
1195	55	1
1195	444	1
1195	1131	1
1195	160	1
1196	19	1
1196	305	1
1196	61	1
1196	585	1
1196	722	1
1196	163	1
1197	666	1
1197	2234	1
1197	1144	1
1198	288	1
1198	187	1
1198	1434	1
1198	618	1
1198	248	1
1198	1182	1
1199	1635	1
1199	376	1
1199	708	1
1199	402	1
1199	172	1
1199	221	1
1199	82	1
1200	304	1
1200	382	1
1200	273	1
1200	90	1
1200	19	1
1200	583	1
1200	1494	1
1201	263	1
1201	288	1
1201	159	1
1201	218	1
1201	666	1
1201	60	1
1201	493	1
1201	251	1
1201	422	1
1201	163	1
1201	5	1
1201	1100	1
1201	821	1
1202	91	1
1202	349	1
1202	917	1
1202	198	1
1202	228	1
1203	1530	1
1203	1144	1
1203	1222	1
1203	362	1
1203	77	1
1203	1318	1
1203	173	1
1203	40	1
1204	8	1
1204	79	1
1204	1719	1
1204	1328	1
1204	216	1
1205	402	1
1205	2242	1
1205	468	1
1205	601	1
1205	159	1
1205	561	1
1205	49	1
1206	820	1
1206	1039	1
1206	1768	1
1206	359	1
1206	337	1
1206	254	1
1206	114	1
1207	585	1
1207	1957	1
1207	883	1
1207	104	1
1207	49	1
1207	362	1
1208	1683	1
1208	722	1
1208	655	1
1208	426	1
1208	263	1
1208	1853	1
1208	3	1
1209	643	1
1209	554	1
1209	419	1
1209	2077	1
1209	903	1
1209	1346	1
1209	1929	1
1210	93	1
1210	353	1
1210	9	1
1210	305	1
1210	104	1
1210	38	1
1211	77	1
1211	386	1
1211	1426	1
1211	256	1
1211	375	1
1211	8	1
1211	131	1
1212	73	1
1212	651	1
1212	44	1
1212	341	1
1212	219	1
1212	650	1
1212	166	1
1213	569	1
1213	203	1
1213	105	1
1213	8	1
1214	173	1
1214	7	1
1214	53	1
1215	50	1
1215	19	1
1215	362	1
1215	177	1
1215	734	1
1215	82	1
1215	376	1
1215	431	1
1217	821	1
1217	877	1
1217	61	1
1217	715	1
1217	557	1
1217	1146	1
1218	708	1
1218	751	1
1218	125	1
1219	38	1
1219	200	1
1219	158	1
1219	278	1
1219	169	1
1219	19	1
1220	1853	1
1220	173	1
1220	555	1
1220	585	1
1220	103	1
1221	382	1
1221	79	1
1221	702	1
1221	266	1
1221	427	1
1221	428	1
1221	122	1
1221	1514	1
1221	601	1
1221	49	1
1222	8	1
1222	6	1
1222	163	1
1222	845	1
1222	3	1
1222	275	1
1222	331	1
1223	883	1
1223	467	1
1223	978	1
1223	821	1
1224	563	1
1224	32	1
1224	765	1
1224	920	1
1224	1617	1
1224	31	1
1224	186	1
1224	1038	1
1224	7	1
1225	187	1
1225	249	1
1225	30	1
1225	309	1
1225	359	1
1226	1071	1
1226	375	1
1226	37	1
1226	177	1
1226	12	1
1226	8	1
1227	308	1
1227	778	1
1227	9	1
1227	1192	1
1227	301	1
1227	196	1
1227	38	1
1228	1656	1
1228	70	1
1228	893	1
1228	1778	1
1228	515	1
1229	50	1
1229	7	1
1229	19	1
1229	515	1
1229	288	1
1229	578	1
1229	216	1
1229	99	1
1229	123	1
1229	44	1
1230	613	1
1230	8	1
1230	304	1
1230	286	1
1230	350	1
1230	1555	1
1230	1418	1
1231	50	1
1231	238	1
1231	19	1
1231	8	1
1231	278	1
1231	420	1
1231	1880	1
1231	391	1
1231	419	1
1231	1761	1
1232	180	1
1232	561	1
1232	585	1
1232	50	1
1232	642	1
1232	609	1
1232	109	1
1232	1048	1
1232	83	1
1233	414	1
1233	814	1
1233	19	1
1233	1192	1
1233	42	1
1234	291	1
1234	32	1
1234	451	1
1234	61	1
1234	9	1
1234	722	1
1234	250	1
1235	50	1
1235	79	1
1235	8	1
1235	453	1
1235	177	1
1235	340	1
1235	19	1
1236	585	1
1236	8	1
1236	375	1
1236	135	1
1236	307	1
1236	12	1
1236	300	1
1237	758	1
1237	1402	1
1237	1734	1
1237	194	1
1237	488	1
1237	501	1
1237	8	1
1238	314	1
1238	8	1
1238	1494	1
1238	646	1
1238	243	1
1238	1394	1
1238	251	1
1239	618	1
1239	173	1
1239	515	1
1239	167	1
1239	471	1
1239	384	1
1239	376	1
1239	134	1
1240	1635	1
1240	70	1
1240	1127	1
1240	103	1
1240	326	1
1240	8	1
1240	46	1
1240	1255	1
1240	359	1
1240	243	1
1241	236	1
1241	266	1
1241	666	1
1241	649	1
1242	137	1
1242	334	1
1242	551	1
1242	957	1
1242	851	1
1242	585	1
1242	162	1
1243	19	1
1243	516	1
1243	304	1
1243	1240	1
1243	455	1
1243	50	1
1243	362	1
1243	54	1
1244	247	1
1244	248	1
1244	1441	1
1244	920	1
1244	573	1
1244	436	1
1244	1238	1
1245	523	1
1245	288	1
1245	506	1
1245	673	1
1245	1351	1
1245	3	1
1246	758	1
1246	823	1
1246	113	1
1246	194	1
1246	2201	1
1246	128	1
1246	698	1
1246	353	1
1247	50	1
1247	402	1
1247	375	1
1247	475	1
1247	216	1
1247	305	1
1247	8	1
1247	19	1
1247	172	1
1249	389	1
1249	19	1
1249	136	1
1249	155	1
1249	402	1
1249	260	1
1249	211	1
1250	1182	1
1250	861	1
1250	376	1
1250	155	1
1250	794	1
1250	50	1
1251	8	1
1251	61	1
1251	195	1
1251	668	1
1251	1471	1
1251	18	1
1251	337	1
1251	601	1
1251	65	1
1251	244	1
1251	453	1
1251	820	1
1251	1078	1
1251	270	1
1252	501	1
1252	1491	1
1252	314	1
1252	79	1
1253	675	1
1253	206	1
1253	8	1
1253	903	1
1253	254	1
1254	1144	1
1254	32	1
1254	314	1
1254	275	1
1254	431	1
1254	8	1
1255	903	1
1255	150	1
1255	675	1
1255	110	1
1256	158	1
1256	1238	1
1256	640	1
1256	643	1
1256	167	1
1256	1425	1
1257	288	1
1257	724	1
1257	7	1
1257	42	1
1257	155	1
1257	203	1
1257	245	1
1257	8	1
1258	1152	1
1258	402	1
1258	245	1
1258	40	1
1258	1741	1
1258	1849	1
1258	822	1
1259	368	1
1259	626	1
1259	554	1
1259	6	1
1259	471	1
1259	207	1
1259	1238	1
1259	250	1
1259	650	1
1260	353	1
1260	715	1
1260	171	1
1260	400	1
1260	40	1
1260	114	1
1260	61	1
1260	112	1
1260	237	1
1260	160	1
1261	376	1
1261	410	1
1261	254	1
1261	82	1
1261	50	1
1262	177	1
1262	226	1
1262	299	1
1262	300	1
1262	370	1
1262	757	1
1262	362	1
1262	83	1
1262	668	1
1263	189	1
1263	582	1
1263	386	1
1263	36	1
1264	451	1
1264	3	1
1264	880	1
1264	186	1
1264	73	1
1265	877	1
1265	242	1
1265	553	1
1265	173	1
1265	539	1
1265	1240	1
1265	377	1
1265	426	1
1266	276	1
1266	2125	1
1266	135	1
1267	453	1
1267	32	1
1267	53	1
1267	1243	1
1267	31	1
1267	247	1
1267	642	1
1268	479	1
1268	304	1
1268	428	1
1268	189	1
1268	145	1
1268	446	1
1268	922	1
1268	287	1
1268	715	1
1269	186	1
1269	822	1
1269	171	1
1269	1283	1
1269	477	1
1269	2240	1
1270	618	1
1270	8	1
1270	394	1
1270	38	1
1270	73	1
1270	275	1
1271	186	1
1271	203	1
1271	759	1
1271	105	1
1271	2240	1
1271	6	1
1271	155	1
1271	1159	1
1271	799	1
1271	54	1
1272	402	1
1272	1240	1
1272	1626	1
1272	8	1
1272	895	1
1272	70	1
1273	3	1
1273	419	1
1273	189	1
1273	340	1
1273	307	1
1273	698	1
1274	245	1
1274	1618	1
1274	289	1
1274	160	1
1274	1310	1
1274	507	1
1274	186	1
1275	168	1
1275	144	1
1275	331	1
1275	597	1
1275	557	1
1275	8	1
1275	451	1
1276	376	1
1276	8	1
1276	134	1
1276	389	1
1276	82	1
1276	412	1
1276	1853	1
1277	3	1
1277	196	1
1277	768	1
1277	42	1
1277	1393	1
1277	1039	1
1277	301	1
1277	666	1
1277	920	1
1277	337	1
1278	724	1
1278	182	1
1278	244	1
1278	507	1
1278	278	1
1278	1013	1
1278	1617	1
1279	294	1
1279	288	1
1279	6	1
1279	556	1
1279	666	1
1279	65	1
1279	762	1
1280	431	1
1280	103	1
1280	359	1
1280	227	1
1280	794	1
1280	312	1
1280	1777	1
1281	177	1
1281	780	1
1281	431	1
1282	96	1
1282	845	1
1282	321	1
1282	908	1
1282	134	1
1282	278	1
1282	1402	1
1283	79	1
1283	1394	1
1283	669	1
1283	8	1
1283	344	1
1284	1251	1
1284	463	1
1284	308	1
1284	715	1
1284	713	1
1284	307	1
1284	811	1
1285	444	1
1285	37	1
1285	254	1
1285	986	1
1285	442	1
1285	1454	1
1285	376	1
1286	199	1
1286	249	1
1286	286	1
1286	337	1
1286	1106	1
1286	3	1
1286	591	1
1286	1690	1
1286	330	1
1286	675	1
1286	156	1
1286	789	1
1286	354	1
1286	118	1
1287	1809	1
1287	50	1
1287	162	1
1287	369	1
1287	53	1
1287	173	1
1287	278	1
1287	266	1
1288	1143	1
1288	451	1
1288	895	1
1288	6	1
1288	1281	1
1288	1511	1
1289	648	1
1289	382	1
1289	444	1
1289	537	1
1289	345	1
1289	1459	1
1289	121	1
1290	187	1
1290	457	1
1290	522	1
1290	183	1
1291	294	1
1291	143	1
1291	3	1
1291	1175	1
1291	451	1
1291	8	1
1291	1093	1
1292	774	1
1292	331	1
1292	811	1
1292	427	1
1292	982	1
1292	381	1
1292	286	1
1293	159	1
1293	44	1
1293	219	1
1293	3	1
1293	173	1
1293	959	1
1293	168	1
1294	112	1
1294	305	1
1294	698	1
1294	248	1
1294	278	1
1294	762	1
1294	202	1
1295	73	1
1295	173	1
1295	6	1
1295	242	1
1295	390	1
1295	1547	1
1295	3	1
1296	159	1
1296	522	1
1296	602	1
1296	203	1
1296	569	1
1296	61	1
1296	377	1
1297	595	1
1297	823	1
1297	61	1
1297	8	1
1297	353	1
1298	334	1
1298	1629	1
1298	162	1
1298	1280	1
1298	144	1
1298	6	1
1298	446	1
1298	789	1
1298	3	1
1299	198	1
1299	1530	1
1299	654	1
1300	350	1
1300	2	1
1300	180	1
1300	686	1
1300	138	1
1301	66	1
1301	828	1
1301	642	1
1302	1557	1
1302	50	1
1302	1270	1
1302	70	1
1302	597	1
1303	1106	1
1303	94	1
1303	287	1
1304	235	1
1304	207	1
1304	440	1
1304	145	1
1304	104	1
1304	464	1
1304	6	1
1304	19	1
1305	63	1
1305	254	1
1305	828	1
1305	412	1
1305	358	1
1306	166	1
1306	400	1
1306	353	1
1306	646	1
1306	794	1
1306	1475	1
1307	861	1
1307	743	1
1307	1215	1
1307	187	1
1307	1425	1
1307	156	1
1308	312	1
1308	668	1
1308	202	1
1308	607	1
1308	128	1
1308	471	1
1309	61	1
1309	553	1
1309	248	1
1309	247	1
1309	158	1
1309	1434	1
1309	169	1
1310	247	1
1310	477	1
1310	467	1
1311	669	1
1311	189	1
1311	104	1
1311	136	1
1311	331	1
1312	250	1
1312	61	1
1312	362	1
1312	722	1
1312	2234	1
1313	66	1
1313	180	1
1313	42	1
1313	722	1
1313	331	1
1313	55	1
1313	684	1
1314	32	1
1314	2	1
1314	173	1
1315	122	1
1315	423	1
1315	8	1
1315	288	1
1315	250	1
1315	266	1
1315	1464	1
1316	96	1
1316	444	1
1316	32	1
1316	1441	1
1316	1586	1
1316	762	1
1316	44	1
1317	1587	1
1317	53	1
1317	247	1
1317	1406	1
1317	1100	1
1317	666	1
1317	1280	1
1318	8	1
1318	492	1
1318	1224	1
1318	61	1
1318	501	1
1318	585	1
1318	1796	1
1319	801	1
1319	1070	1
1319	552	1
1319	145	1
1319	1293	1
1319	61	1
1320	641	1
1320	47	1
1320	317	1
1320	87	1
1320	414	1
1320	451	1
1320	50	1
1321	1571	1
1321	464	1
1321	361	1
1321	186	1
1321	331	1
1322	117	1
1322	31	1
1322	160	1
1322	869	1
1322	354	1
1322	320	1
1322	1351	1
1323	79	1
1323	1002	1
1323	61	1
1323	42	1
1324	96	1
1324	203	1
1324	359	1
1324	206	1
1324	561	1
1324	278	1
1325	1406	1
1325	1051	1
1325	828	1
1325	3	1
1326	1300	1
1326	79	1
1326	25	1
1326	43	1
1326	305	1
1326	287	1
1327	247	1
1327	630	1
1327	77	1
1327	160	1
1327	1414	1
1327	219	1
1327	5	1
1327	320	1
1328	5	1
1328	1622	1
1328	288	1
1328	708	1
1328	8	1
1328	177	1
1328	250	1
1328	50	1
1329	62	1
1329	254	1
1329	1051	1
1329	555	1
1329	231	1
1330	285	1
1330	938	1
1330	922	1
1330	105	1
1330	55	1
1330	1221	1
1330	50	1
1330	203	1
1330	419	1
1331	632	1
1331	358	1
1331	251	1
1331	42	1
1331	1167	1
1331	173	1
1331	789	1
1331	876	1
1331	50	1
1331	273	1
1333	397	1
1333	105	1
1333	163	1
1333	7	1
1333	317	1
1333	112	1
1333	61	1
1333	288	1
1334	266	1
1334	3	1
1334	353	1
1334	416	1
1334	6	1
1334	1554	1
1334	305	1
1335	94	1
1335	16	1
1335	82	1
1335	173	1
1335	982	1
1335	637	1
1335	1073	1
1335	254	1
1335	516	1
1336	145	1
1336	79	1
1336	8	1
1336	959	1
1337	644	1
1337	590	1
1337	244	1
1337	186	1
1337	645	1
1339	40	1
1339	121	1
1339	119	1
1339	187	1
1339	668	1
1340	309	1
1340	804	1
1340	242	1
1340	305	1
1340	235	1
1341	8	1
1341	390	1
1341	173	1
1341	600	1
1341	159	1
1341	168	1
1341	249	1
1341	959	1
1341	45	1
1342	42	1
1342	202	1
1342	767	1
1342	331	1
1342	195	1
1342	112	1
1342	802	1
1342	655	1
1343	163	1
1343	145	1
1343	1167	1
1343	1038	1
1343	457	1
1344	288	1
1344	1132	1
1344	1374	1
1344	20	1
1345	82	1
1345	19	1
1345	206	1
1345	247	1
1345	1880	1
1346	331	1
1346	402	1
1346	318	1
1346	668	1
1346	1726	1
1346	395	1
1346	381	1
1347	8	1
1347	45	1
1347	65	1
1347	2	1
1347	1426	1
1347	1635	1
1347	414	1
1347	312	1
1347	1494	1
1348	895	1
1348	248	1
1348	937	1
1348	1623	1
1349	804	1
1349	1124	1
1349	44	1
1349	304	1
1349	1365	1
1349	734	1
1349	251	1
1350	168	1
1350	163	1
1350	515	1
1350	211	1
1350	270	1
1350	254	1
1350	50	1
1351	673	1
1351	96	1
1351	561	1
1351	2	1
1352	138	1
1352	331	1
1352	83	1
1352	61	1
1352	431	1
1352	37	1
1352	19	1
1352	719	1
1352	708	1
1353	97	1
1353	455	1
1353	500	1
1353	613	1
1353	38	1
1354	412	1
1354	47	1
1354	254	1
1354	8	1
1354	50	1
1354	38	1
1355	840	1
1355	869	1
1355	32	1
1355	1638	1
1355	1333	1
1355	236	1
1355	66	1
1355	876	1
1355	711	1
1356	1108	1
1356	1809	1
1356	835	1
1356	145	1
1356	69	1
1356	1626	1
1356	2	1
1356	702	1
1356	281	1
1357	642	1
1357	886	1
1357	1394	1
1357	8	1
1358	131	1
1358	312	1
1358	79	1
1358	3	1
1358	757	1
1358	479	1
1358	1555	1
1358	104	1
1359	400	1
1359	185	1
1359	145	1
1359	744	1
1359	8	1
1360	52	1
1360	38	1
1360	275	1
1360	32	1
1360	8	1
1360	447	1
1360	618	1
1361	114	1
1361	636	1
1361	1426	1
1361	135	1
1361	331	1
1361	8	1
1361	780	1
1362	155	1
1362	25	1
1362	50	1
1362	438	1
1362	304	1
1362	3	1
1363	1322	1
1363	221	1
1363	5	1
1363	1517	1
1363	47	1
1363	168	1
1363	362	1
1364	47	1
1364	238	1
1364	50	1
1364	471	1
1364	1606	1
1364	111	1
1364	908	1
1364	234	1
1364	561	1
1365	637	1
1365	173	1
1365	1530	1
1365	79	1
1365	2	1
1365	585	1
1365	1	1
1365	362	1
1366	698	1
1366	1164	1
1366	1768	1
1366	369	1
1366	1318	1
1366	754	1
1366	69	1
1367	501	1
1367	2	1
1367	320	1
1367	304	1
1367	32	1
1367	555	1
1367	8	1
1368	985	1
1368	637	1
1368	1792	1
1368	323	1
1368	669	1
1368	1418	1
1368	300	1
1369	823	1
1369	48	1
1369	237	1
1369	113	1
1369	354	1
1369	1048	1
1369	1582	1
1369	312	1
1369	501	1
1370	8	1
1370	789	1
1370	2096	1
1370	734	1
1370	955	1
1370	254	1
1371	702	1
1371	600	1
1371	2013	1
1371	19	1
1371	358	1
1371	168	1
1371	128	1
1371	369	1
1371	3	1
1371	5	1
1372	1549	1
1372	121	1
1372	50	1
1373	758	1
1373	249	1
1373	1546	1
1373	1852	1
1373	96	1
1373	163	1
1373	278	1
1374	1464	1
1374	168	1
1374	121	1
1374	214	1
1374	275	1
1375	626	1
1375	345	1
1375	620	1
1375	1463	1
1375	274	1
1375	238	1
1376	757	1
1376	1139	1
1376	883	1
1376	99	1
1376	18	1
1376	8	1
1376	386	1
1377	1477	1
1377	171	1
1377	54	1
1377	523	1
1377	304	1
1377	376	1
1377	19	1
1378	657	1
1378	8	1
1378	820	1
1378	1069	1
1379	50	1
1379	840	1
1379	477	1
1379	8	1
1379	117	1
1379	794	1
1379	614	1
1379	106	1
1379	428	1
1380	205	1
1380	299	1
1380	54	1
1380	668	1
1380	233	1
1380	1459	1
1380	734	1
1380	1346	1
1380	820	1
1381	162	1
1381	458	1
1381	998	1
1381	561	1
1381	94	1
1381	515	1
1381	8	1
1381	254	1
1381	5	1
1382	1729	1
1382	3	1
1382	845	1
1382	113	1
1382	602	1
1382	187	1
1382	1106	1
1383	182	1
1383	113	1
1383	654	1
1383	265	1
1383	239	1
1383	889	1
1383	375	1
1384	244	1
1384	353	1
1384	979	1
1384	2234	1
1384	992	1
1384	1798	1
1384	575	1
1384	1129	1
1384	600	1
1384	959	1
1384	1153	1
1384	203	1
1385	163	1
1385	757	1
1385	1477	1
1385	248	1
1385	121	1
1385	226	1
1385	748	1
1386	19	1
1386	702	1
1386	38	1
1386	304	1
1386	1547	1
1386	25	1
1386	651	1
1387	1128	1
1387	135	1
1387	19	1
1387	42	1
1387	1310	1
1387	186	1
1387	194	1
1387	399	1
1388	440	1
1388	321	1
1388	998	1
1388	82	1
1389	8	1
1389	327	1
1389	823	1
1389	375	1
1389	82	1
1389	189	1
1389	216	1
1390	1129	1
1390	563	1
1390	1222	1
1391	228	1
1391	61	1
1391	263	1
1391	247	1
1391	42	1
1391	320	1
1391	236	1
1392	31	1
1392	1310	1
1392	100	1
1392	3	1
1392	765	1
1392	2675	1
1392	1283	1
1392	2382	1
1392	218	1
1392	115	1
1392	1778	1
1392	920	1
1392	1085	1
1392	1146	1
1393	1532	1
1393	457	1
1393	585	1
1393	73	1
1393	815	1
1393	339	1
1393	1106	1
1394	428	1
1394	851	1
1394	65	1
1394	247	1
1394	1365	1
1394	294	1
1394	278	1
1394	227	1
1395	53	1
1395	506	1
1395	1588	1
1395	288	1
1395	597	1
1396	1	1
1396	162	1
1396	171	1
1396	227	1
1396	1164	1
1396	353	1
1396	359	1
1397	402	1
1397	307	1
1397	168	1
1397	235	1
1397	375	1
1397	82	1
1397	920	1
1397	9	1
1398	171	1
1398	47	1
1398	464	1
1398	600	1
1398	702	1
1398	8	1
1398	43	1
