item	entity
781	781
1799	1799
521	521
3596	3596
3682	3682
2635	2635
1590	1590
116	116
3719	3719
3811	3811
3801	3801
2173	2173
2908	2908
2816	2816
2243	2243
3553	3553
3344	3344
2095	2095
2	2
2950	2950
1705	1705
785	785
3861	3861
3942	3942
2005	2005
2636	2636
834	834
392	392
117	117
162	162
2263	2263
3802	3802
2682	2682
1727	1727
2244	2244
3218	3218
3812	3812
3943	3943
692	692
2521	2521
3548	3548
934	934
3	3
2245	2245
3094	3094
1577	1577
2174	2174
1445	1445
1707	1707
1921	1921
522	522
2000	2000
3345	3345
2134	2134
3549	3549
552	552
1728	1728
3944	3944
2951	2951
1178	1178
2763	2763
2817	2817
3813	3813
118	118
3862	3862
2522	2522
2246	2246
2683	2683
3037	3037
517	517
1483	1483
1446	1446
2520	2520
3462	3462
523	523
2247	2247
2024	2024
3683	3683
119	119
2310	2310
1729	1729
388	388
2555	2555
3424	3424
1623	1623
3945	3945
3038	3038
3219	3219
1434	1434
3555	3555
3346	3346
251	251
1876	1876
2248	2248
2779	2779
1350	1350
120	120
3166	3166
935	935
2001	2001
1046	1046
1015	1015
2818	2818
3425	3425
1484	1484
913	913
1730	1730
782	782
440	440
1447	1447
2096	2096
1217	1217
2264	2264
121	121
299	299
3556	3556
1579	1579
2953	2953
2135	2135
518	518
936	936
1731	1731
3803	3803
2437	2437
2392	2392
2819	2819
2002	2002
3039	3039
390	390
2556	2556
1591	1591
1711	1711
3347	3347
3167	3167
914	914
1624	1624
1047	1047
519	519
3295	3295
300	300
1437	1437
3557	3557
1801	1801
2097	2097
524	524
441	441
391	391
3426	3426
554	554
1732	1732
3804	3804
2438	2438
3168	3168
1713	1713
3348	3348
1449	1449
2764	2764
3597	3597
4	4
520	520
301	301
1049	1049
1438	1438
28	28
1179	1179
252	252
3221	3221
2523	2523
2765	2765
1804	1804
3427	3427
3805	3805
442	442
2006	2006
1293	1293
2439	2439
525	525
253	253
555	555
1733	1733
2249	2249
835	835
3169	3169
1715	1715
3720	3720
2393	2393
1016	1016
29	29
5	5
3806	3806
3463	3463
2524	2524
254	254
443	443
786	786
2250	2250
556	556
3684	3684
2638	2638
937	937
393	393
2098	2098
2007	2007
30	30
3946	3946
1050	1050
3464	3464
1439	1439
1734	1734
444	444
3807	3807
3296	3296
163	163
255	255
2394	2394
938	938
2639	2639
3685	3685
1485	1485
2099	2099
1922	1922
1453	1453
2003	2003
1093	1093
132	132
1717	1717
31	31
2265	2265
2766	2766
3863	3863
1051	1051
3808	3808
2440	2440
3171	3171
1294	1294
445	445
1311	1311
3550	3550
557	557
3297	3297
2004	2004
3465	3465
2395	2395
1580	1580
164	164
2650	2650
2767	2767
939	939
1052	1052
122	122
1923	1923
394	394
3809	3809
3298	3298
836	836
783	783
2558	2558
527	527
3551	3551
1094	1094
2266	2266
1581	1581
3097	3097
787	787
2768	2768
2176	2176
2009	2009
915	915
32	32
2396	2396
1017	1017
2136	2136
2954	2954
3810	3810
1351	1351
2651	2651
1582	1582
1053	1053
2441	2441
1718	1718
3299	3299
165	165
3947	3947
2267	2267
3466	3466
1295	1295
3686	3686
446	446
1583	1583
3559	3559
1486	1486
2100	2100
1313	1313
2025	2025
125	125
2780	2780
3721	3721
1719	1719
3814	3814
1095	1095
1296	1296
2652	2652
784	784
33	33
916	916
3552	3552
1219	1219
1054	1054
256	256
2311	2311
2268	2268
558	558
1440	1440
653	653
303	303
2252	2252
3300	3300
2101	2101
2442	2442
396	396
1297	1297
166	166
2912	2912
126	126
3865	3865
2397	2397
257	257
2177	2177
1314	1314
1298	1298
2955	2955
2781	2781
1018	1018
1352	1352
1055	1055
2026	2026
2269	2269
2640	2640
1625	1625
263	263
258	258
1096	1096
3173	3173
2103	2103
2820	2820
1592	1592
2769	2769
167	167
3428	3428
2770	2770
3598	3598
2913	2913
129	129
2956	2956
3561	3561
2771	2771
1353	1353
3301	3301
2641	2641
2312	2312
135	135
1299	1299
304	304
2270	2270
2642	2642
940	940
1878	1878
2104	2104
1805	1805
2525	2525
1300	1300
1097	1097
265	265
1584	1584
694	694
2653	2653
1441	1441
559	559
2137	2137
2643	2643
2687	2687
2271	2271
2253	2253
2443	2443
3687	3687
3948	3948
3222	3222
3040	3040
1585	1585
3467	3467
1056	1056
2772	2772
168	168
266	266
1301	1301
3599	3599
2138	2138
1721	1721
1354	1354
2272	2272
1442	1442
2444	2444
1181	1181
1020	1020
3600	3600
1302	1302
1735	1735
169	169
259	259
2782	2782
1626	1626
2773	2773
1057	1057
2821	2821
3949	3949
1059	1059
3223	3223
1586	1586
2010	2010
2688	2688
2105	2105
1183	1183
1487	1487
1722	1722
3041	3041
1220	1220
2774	2774
788	788
2559	2559
1303	1303
528	528
837	837
3950	3950
3042	3042
3601	3601
2106	2106
3302	3302
2178	2178
260	260
1593	1593
3866	3866
1304	1304
2273	2273
2313	2313
2011	2011
3951	3951
3224	3224
1317	1317
130	130
2689	2689
1184	1184
2107	2107
695	695
1739	1739
1021	1021
2560	2560
1305	1305
2398	2398
447	447
2108	2108
2012	2012
1306	1306
529	529
3350	3350
2254	2254
1318	1318
696	696
2109	2109
2783	2783
3225	3225
1185	1185
131	131
3602	3602
2275	2275
1307	1307
1627	1627
790	790
2255	2255
3868	3868
3174	3174
2110	2110
3723	3723
530	530
697	697
2784	2784
2644	2644
3603	3603
267	267
1587	1587
34	34
3175	3175
261	261
2445	2445
2276	2276
1723	1723
3468	3468
1186	1186
1309	1309
1628	1628
1454	1454
2775	2775
2179	2179
1879	1879
1724	1724
2957	2957
2785	2785
1355	1355
2111	2111
3303	3303
1221	1221
1022	1022
2914	2914
1806	1806
2256	2256
268	268
698	698
1588	1588
1742	1742
3098	3098
1023	1023
792	792
2257	2257
137	137
1925	1925
1310	1310
3176	3176
562	562
1024	1024
3819	3819
2259	2259
2561	2561
1594	1594
1589	1589
1356	1356
1187	1187
2112	2112
1099	1099
2399	2399
2645	2645
2690	2690
1880	1880
2646	2646
306	306
1455	1455
2647	2647
3352	3352
2915	2915
2777	2777
2027	2027
138	138
3229	3229
1025	1025
1321	1321
2113	2113
35	35
2786	2786
2778	2778
307	307
3562	3562
1026	1026
1807	1807
3820	3820
2260	2260
2028	2028
3043	3043
1027	1027
1222	1222
1881	1881
2261	2261
563	563
1595	1595
2262	2262
2314	2314
1726	1726
3099	3099
1744	1744
2648	2648
1488	1488
2139	2139
2649	2649
308	308
1060	1060
2114	2114
1809	1809
1322	1322
2115	2115
1100	1100
3430	3430
2116	2116
2029	2029
6	6
2117	2117
1223	1223
3044	3044
2118	2118
3354	3354
1188	1188
2119	2119
3100	3100
1596	1596
309	309
2120	2120
2140	2140
1489	1489
2121	2121
3431	3431
1810	1810
2122	2122
1323	1323
2123	2123
2691	2691
2013	2013
2124	2124
3230	3230
3045	3045
2125	2125
3355	3355
1746	1746
2126	2126
170	170
3688	3688
2128	2128
3604	3604
1324	1324
2129	2129
310	310
3432	3432
2130	2130
1490	1490
3821	3821
2132	2132
2180	2180
3046	3046
2133	2133
2315	2315
918	918
1811	1811
1028	1028
1189	1189
3101	3101
1029	1029
3689	3689
448	448
1030	1030
2526	2526
3231	3231
1031	1031
3433	3433
311	311
1032	1032
1325	1325
838	838
1033	1033
1061	1061
2692	2692
1034	1034
2787	2787
2316	2316
1035	1035
2400	2400
3605	3605
1036	1036
2916	2916
2181	2181
1037	1037
1190	1190
1101	1101
1038	1038
3690	3690
1040	1040
3724	3724
2527	2527
1224	1224
1041	1041
3304	3304
2031	2031
1042	1042
1597	1597
2959	2959
1043	1043
1326	1326
449	449
1044	1044
1747	1747
1926	1926
1045	1045
3048	3048
2562	2562
1062	1062
3232	3232
2788	2788
1493	1493
2401	2401
839	839
1191	1191
312	312
2528	2528
1812	1812
398	398
3469	3469
3049	3049
2317	2317
796	796
1629	1629
1192	1192
3102	3102
3691	3691
450	450
2654	2654
2032	2032
2014	2014
1102	1102
1598	1598
36	36
2917	2917
3725	3725
3563	3563
1225	1225
139	139
3357	3357
3050	3050
1494	1494
399	399
1357	1357
2402	2402
1814	1814
2015	2015
840	840
3051	3051
2960	2960
400	400
3233	3233
3564	3564
2824	2824
1327	1327
451	451
2033	2033
1456	1456
270	270
1103	1103
2918	2918
3358	3358
2789	2789
1358	1358
2278	2278
1495	1495
1328	1328
841	841
2693	2693
3177	3177
3871	3871
271	271
2141	2141
452	452
942	942
1193	1193
3359	3359
2919	2919
1927	1927
2016	2016
2279	2279
1359	1359
1329	1329
842	842
272	272
3470	3470
2142	2142
564	564
2920	2920
2446	2446
2280	2280
3360	3360
1882	1882
3726	3726
1457	1457
2961	2961
3471	3471
1748	1748
313	313
656	656
2447	2447
2921	2921
141	141
1226	1226
565	565
2281	2281
3361	3361
7	7
2182	2182
919	919
314	314
3052	3052
1360	1360
1883	1883
566	566
3823	3823
943	943
657	657
3606	3606
273	273
3362	3362
2922	2922
3473	3473
2282	2282
1104	1104
8	8
3236	3236
1884	1884
1227	1227
1749	1749
1361	1361
1330	1330
567	567
3692	3692
171	171
143	143
1815	1815
3824	3824
1228	1228
9	9
3727	3727
2283	2283
1631	1631
1885	1885
2564	2564
1750	1750
700	700
3053	3053
2034	2034
2403	2403
3475	3475
659	659
1496	1496
144	144
1816	1816
531	531
1230	1230
10	10
1632	1632
798	798
3728	3728
1194	1194
3238	3238
3434	3434
2183	2183
1886	1886
944	944
3565	3565
2694	2694
2404	2404
3363	3363
2791	2791
701	701
2656	2656
3476	3476
799	799
1817	1817
3825	3825
1231	1231
3435	3435
1633	1633
2925	2925
38	38
3055	3055
2035	2035
401	401
3239	3239
2405	2405
3872	3872
2017	2017
1497	1497
11	11
2184	2184
3436	3436
3056	3056
2825	2825
3178	3178
172	172
2406	2406
568	568
532	532
3103	3103
2529	2529
1363	1363
3437	3437
3477	3477
1635	1635
3306	3306
1498	1498
3057	3057
945	945
1752	1752
2962	2962
3179	3179
1105	1105
274	274
2036	2036
3826	3826
3307	3307
3364	3364
1196	1196
3873	3873
2792	2792
2185	2185
2926	2926
1928	1928
3180	3180
2318	2318
3827	3827
3478	3478
2530	2530
569	569
1063	1063
453	453
1753	1753
2963	2963
3308	3308
2037	2037
2793	2793
3874	3874
12	12
315	315
2794	2794
2964	2964
1064	1064
3479	3479
1331	1331
2319	2319
1887	1887
1365	1365
800	800
2038	2038
2284	2284
3875	3875
1065	1065
3104	3104
3309	3309
39	39
2320	2320
1332	1332
1636	1636
1066	1066
3828	3828
2565	2565
3693	3693
3365	3365
1888	1888
1366	1366
3105	3105
1067	1067
702	702
3566	3566
2321	2321
2531	2531
2448	2448
2186	2186
2143	2143
316	316
2407	2407
3694	3694
1499	1499
3181	3181
3106	3106
2144	2144
2449	2449
3829	3829
1500	1500
2532	2532
2450	2450
2408	2408
1639	1639
2927	2927
3729	3729
3058	3058
2566	2566
3695	3695
173	173
3830	3830
3107	3107
2286	2286
2826	2826
2409	2409
1640	1640
801	801
2965	2965
3182	3182
1501	1501
2533	2533
174	174
3696	3696
2567	2567
402	402
1367	1367
3183	3183
3108	3108
2657	2657
1929	1929
1333	1333
2827	2827
1068	1068
2695	2695
1641	1641
3310	3310
3697	3697
40	40
660	660
454	454
2568	2568
1069	1069
3608	3608
3311	3311
2966	2966
2928	2928
2828	2828
1197	1197
2039	2039
1754	1754
3240	3240
405	405
1820	1820
661	661
3609	3609
1889	1889
2697	2697
13	13
574	574
1755	1755
1643	1643
3184	3184
2040	2040
3567	3567
1370	1370
1821	1821
3438	3438
1756	1756
1232	1232
1334	1334
575	575
2410	2410
3610	3610
3185	3185
2698	2698
407	407
2322	2322
1198	1198
1644	1644
2929	2929
3480	3480
2411	2411
846	846
3186	3186
1371	1371
3313	3313
1822	1822
802	802
948	948
2930	2930
3481	3481
3439	3439
2041	2041
2287	2287
2967	2967
1758	1758
1111	1111
2412	2412
2451	2451
3698	3698
1372	1372
3831	3831
3611	3611
3570	3570
2042	2042
1070	1070
1112	1112
803	803
3243	3243
3440	3440
949	949
1759	1759
3876	3876
2795	2795
848	848
2145	2145
2968	2968
275	275
2452	2452
408	408
1502	1502
804	804
1373	1373
3699	3699
41	41
2146	2146
317	317
3571	3571
2569	2569
409	409
3730	3730
2932	2932
2043	2043
2658	2658
175	175
276	276
3366	3366
1760	1760
3612	3612
14	14
3244	3244
2796	2796
2829	2829
3060	3060
849	849
2147	2147
3877	3877
1335	1335
1930	1930
410	410
2699	2699
2659	2659
1891	1891
1645	1645
1762	1762
2453	2453
3315	3315
1503	1503
15	15
318	318
3441	3441
576	576
3061	3061
1374	1374
411	411
42	42
1336	1336
1824	1824
662	662
2044	2044
2660	2660
3367	3367
3062	3062
3613	3613
3442	3442
3731	3731
3187	3187
2570	2570
663	663
3878	3878
3572	3572
850	850
2935	2935
3482	3482
2661	2661
3316	3316
2187	2187
3834	3834
1646	1646
3573	3573
176	176
2936	2936
319	319
805	805
1504	1504
2534	2534
1375	1375
3317	3317
2970	2970
3189	3189
2045	2045
920	920
3614	3614
1764	1764
3483	3483
3318	3318
177	177
921	921
1647	1647
1765	1765
320	320
1376	1376
412	412
455	455
3109	3109
1199	1199
2046	2046
1071	1071
2971	2971
1892	1892
1826	1826
2937	2937
1113	1113
2413	2413
1648	1648
3319	3319
2972	2972
2288	2288
2047	2047
1767	1767
3368	3368
277	277
1377	1377
2938	2938
851	851
413	413
1931	1931
278	278
2323	2323
1769	1769
1649	1649
3190	3190
322	322
1893	1893
1234	1234
2414	2414
3443	3443
3246	3246
1770	1770
2048	2048
1599	1599
43	43
1894	1894
852	852
533	533
950	950
1771	1771
2831	2831
2415	2415
2973	2973
1507	1507
3063	3063
2049	2049
3575	3575
2325	2325
145	145
324	324
1600	1600
1235	1235
2148	2148
2454	2454
3321	3321
1650	1650
16	16
2188	2188
1772	1772
2833	2833
2149	2149
3879	3879
3322	3322
2050	2050
146	146
3732	3732
534	534
2571	2571
1773	1773
2326	2326
2535	2535
325	325
1895	1895
704	704
414	414
577	577
3323	3323
2189	2189
147	147
3484	3484
535	535
1651	1651
2939	2939
2051	2051
806	806
3733	3733
2536	2536
178	178
3065	3065
3247	3247
415	415
2327	2327
664	664
326	326
536	536
3110	3110
17	17
2190	2190
1896	1896
3734	3734
2537	2537
44	44
3324	3324
327	327
3066	3066
2701	2701
279	279
3615	3615
3444	3444
3248	3248
2662	2662
3111	3111
18	18
2191	2191
1200	1200
2834	2834
148	148
456	456
2289	2289
3735	3735
1897	1897
3486	3486
3067	3067
2572	2572
2798	2798
328	328
2538	2538
1114	1114
2663	2663
2702	2702
3445	3445
2835	2835
1458	1458
2052	2052
2290	2290
329	329
1076	1076
578	578
2799	2799
1932	1932
2940	2940
2974	2974
1459	1459
579	579
2291	2291
3370	3370
280	280
3112	3112
3325	3325
3736	3736
3193	3193
2053	2053
1899	1899
2703	2703
1337	1337
1508	1508
2292	2292
1378	1378
1201	1201
580	580
2416	2416
3371	3371
3326	3326
853	853
3194	3194
3113	3113
2539	2539
3737	3737
1339	1339
1934	1934
2664	2664
2836	2836
2800	2800
952	952
416	416
2704	2704
2293	2293
581	581
1202	1202
2328	2328
2417	2417
179	179
3446	3446
1379	1379
1601	1601
3114	3114
3327	3327
3738	3738
2540	2540
330	330
1901	1901
2329	2329
3835	3835
180	180
2294	2294
1935	1935
1340	1340
1115	1115
3447	3447
45	45
181	181
808	808
1936	1936
2941	2941
1236	1236
1077	1077
2054	2054
1902	1902
1509	1509
3836	3836
3616	3616
2665	2665
46	46
1341	1341
182	182
2802	2802
3739	3739
1776	1776
3115	3115
19	19
1937	1937
1602	1602
3372	3372
2150	2150
583	583
2418	2418
2055	2055
3837	3837
705	705
923	923
183	183
3448	3448
47	47
1903	1903
3487	3487
1460	1460
3881	3881
2666	2666
3740	3740
3576	3576
1827	1827
809	809
2330	2330
3068	3068
3373	3373
1777	1777
1938	1938
2803	2803
1238	1238
665	665
2056	2056
20	20
706	706
2295	2295
184	184
3195	3195
3488	3488
3328	3328
2573	2573
2419	2419
2331	2331
3838	3838
2193	2193
924	924
457	457
3701	3701
3374	3374
2942	2942
1939	1939
1904	1904
2455	2455
1461	1461
1829	1829
2151	2151
585	585
537	537
707	707
810	810
1511	1511
1203	1203
2975	2975
3069	3069
2837	2837
281	281
1119	1119
666	666
458	458
417	417
2194	2194
2667	2667
3375	3375
2541	2541
1940	1940
925	925
708	708
3196	3196
2976	2976
2296	2296
1513	1513
3329	3329
2838	2838
2152	2152
3117	3117
811	811
331	331
667	667
1120	1120
3839	3839
2456	2456
2297	2297
1831	1831
1906	1906
953	953
668	668
2574	2574
2542	2542
3377	3377
3071	3071
954	954
1342	1342
2706	2706
1603	1603
2298	2298
2195	2195
2977	2977
2543	2543
813	813
2707	2707
669	669
332	332
3072	3072
2196	2196
418	418
955	955
3882	3882
2978	2978
1779	1779
1240	1240
1204	1204
2057	2057
2943	2943
333	333
3330	3330
3489	3489
814	814
1463	1463
2332	2332
2577	2577
1780	1780
3840	3840
2840	2840
926	926
3883	3883
21	21
3617	3617
3249	3249
419	419
1832	1832
420	420
2979	2979
1205	1205
1241	1241
2420	2420
2709	2709
538	538
2058	2058
3073	3073
334	334
2804	2804
1121	1121
2545	2545
586	586
1604	1604
1833	1833
1206	1206
1941	1941
3449	3449
3490	3490
2421	2421
459	459
1343	1343
3118	3118
3197	3197
185	185
3331	3331
2841	2841
539	539
3741	3741
2805	2805
2333	2333
3074	3074
2457	2457
2546	2546
1380	1380
1781	1781
1834	1834
1207	1207
460	460
1078	1078
3618	3618
2668	2668
2981	2981
3332	3332
3491	3491
2299	2299
186	186
540	540
2842	2842
1464	1464
2422	2422
3119	3119
3075	3075
2458	2458
2806	2806
2197	2197
461	461
1782	1782
815	815
3619	3619
3492	3492
3702	3702
2710	2710
3578	3578
709	709
2669	2669
2059	2059
3333	3333
3620	3620
1079	1079
2153	2153
462	462
3841	3841
2844	2844
1515	1515
3076	3076
2711	2711
2423	2423
48	48
2807	2807
2060	2060
1783	1783
1835	1835
3450	3450
3120	3120
3579	3579
1942	1942
816	816
463	463
3334	3334
187	187
541	541
2712	2712
1605	1605
49	49
1080	1080
335	335
2154	2154
1381	1381
1907	1907
710	710
671	671
2061	2061
3842	3842
1943	1943
3451	3451
1836	1836
1208	1208
1124	1124
1784	1784
1242	1242
2670	2670
3884	3884
3580	3580
1944	1944
818	818
3250	3250
542	542
2846	2846
1606	1606
464	464
2155	2155
1125	1125
1344	1344
2334	2334
1908	1908
3379	3379
421	421
1382	1382
149	149
1516	1516
1465	1465
50	50
1209	1209
3251	3251
3452	3452
2847	2847
3078	3078
587	587
1608	1608
2982	2982
543	543
1126	1126
22	22
2335	2335
282	282
1383	1383
3704	3704
3743	3743
672	672
2579	2579
150	150
1517	1517
1909	1909
3380	3380
1210	1210
2062	2062
3079	3079
3494	3494
2300	2300
2983	2983
1081	1081
858	858
3198	3198
957	957
673	673
1837	1837
3581	3581
3381	3381
1910	1910
711	711
2424	2424
52	52
2301	2301
860	860
2157	2157
2459	2459
544	544
1839	1839
1609	1609
53	53
1466	1466
3252	3252
1785	1785
2713	2713
674	674
1840	1840
422	422
2460	2460
2671	2671
3495	3495
2302	2302
3621	3621
2158	2158
336	336
1610	1610
3622	3622
283	283
337	337
151	151
3623	3623
2672	2672
188	188
3705	3705
1244	1244
2159	2159
1652	1652
1611	1611
1385	1385
927	927
54	54
1788	1788
1841	1841
822	822
3496	3496
1911	1911
3624	3624
2808	2808
1842	1842
3706	3706
1386	1386
2160	2160
3625	3625
1612	1612
2984	2984
1518	1518
2944	2944
1843	1843
3199	3199
2674	2674
2580	2580
1653	1653
823	823
465	465
423	423
1468	1468
2461	2461
1844	1844
2809	2809
3497	3497
1613	1613
1245	1245
286	286
3200	3200
1246	1246
3843	3843
189	189
2848	2848
2945	2945
861	861
3336	3336
2462	2462
424	424
3253	3253
1470	1470
824	824
1946	1946
2199	2199
3708	3708
3254	3254
3081	3081
1947	1947
2547	2547
3844	3844
2463	2463
2810	2810
2581	2581
3255	3255
2303	2303
1082	1082
1387	1387
3201	3201
55	55
3584	3584
3885	3885
862	862
3337	3337
1388	1388
1471	1471
3256	3256
2548	2548
3845	3845
1845	1845
3628	3628
288	288
1389	1389
3202	3202
3886	3886
425	425
3124	3124
3453	3453
1247	1247
2549	2549
1948	1948
1472	1472
1390	1390
3585	3585
2849	2849
152	152
712	712
1212	1212
1248	1248
3338	3338
3887	3887
3454	3454
1654	1654
3709	3709
1846	1846
2161	2161
2583	2583
1083	1083
1391	1391
3586	3586
153	153
3888	3888
23	23
1519	1519
2811	2811
1127	1127
3203	3203
190	190
1084	1084
2336	2336
154	154
3889	3889
2812	2812
1949	1949
2304	2304
1250	1250
545	545
1392	1392
828	828
2985	2985
338	338
2162	2162
1950	1950
3455	3455
3125	3125
3204	3204
2850	2850
3082	3082
155	155
2337	2337
1393	1393
928	928
2986	2986
2425	2425
2163	2163
339	339
156	156
3498	3498
929	929
2851	2851
3846	3846
2338	2338
289	289
588	588
676	676
1394	1394
2676	2676
2201	2201
1213	1213
2464	2464
2426	2426
1395	1395
2164	2164
3744	3744
3083	3083
2202	2202
3206	3206
3257	3257
157	157
3499	3499
426	426
2465	2465
3847	3847
3745	3745
1791	1791
2852	2852
2677	2677
589	589
290	290
2339	2339
3710	3710
2203	2203
1345	1345
3126	3126
1085	1085
3890	3890
427	427
1655	1655
546	546
2584	2584
3848	3848
3500	3500
2946	2946
3631	3631
679	679
3384	3384
1473	1473
3258	3258
1792	1792
590	590
2204	2204
1086	1086
714	714
1912	1912
1396	1396
428	428
1520	1520
547	547
3501	3501
291	291
3127	3127
3339	3339
864	864
2678	2678
3632	3632
680	680
1656	1656
1793	1793
2854	2854
2427	2427
57	57
429	429
3747	3747
1913	1913
1397	1397
24	24
3633	3633
3711	3711
2340	2340
1475	1475
3128	3128
1794	1794
865	865
2428	2428
3891	3891
3457	3457
466	466
1914	1914
2341	2341
3849	3849
3634	3634
25	25
3129	3129
548	548
2987	2987
3712	3712
1128	1128
2166	2166
1522	1522
829	829
1252	1252
3587	3587
3635	3635
2018	2018
340	340
3087	3087
467	467
1915	1915
2988	2988
3340	3340
1849	1849
1087	1087
3130	3130
830	830
1523	1523
3588	3588
2714	2714
2679	2679
1951	1951
3208	3208
191	191
549	549
3259	3259
3851	3851
3636	3636
1916	1916
341	341
1476	1476
2989	2989
1346	1346
468	468
3713	3713
2466	2466
2813	2813
1850	1850
2586	2586
3589	3589
2715	2715
2947	2947
930	930
3131	3131
292	292
1952	1952
1616	1616
342	342
3209	3209
2990	2990
3714	3714
1851	1851
1477	1477
3893	3893
2429	2429
2342	2342
2948	2948
2205	2205
3341	3341
1253	1253
3385	3385
158	158
1088	1088
343	343
3852	3852
1129	1129
3210	3210
3894	3894
2343	2343
294	294
3342	3342
1852	1852
469	469
431	431
1254	1254
1089	1089
3459	3459
716	716
3853	3853
3502	3502
3211	3211
3260	3260
1617	1617
470	470
295	295
1853	1853
2020	2020
2991	2991
3590	3590
471	471
159	159
1854	1854
3460	3460
1953	1953
2167	2167
1657	1657
2430	2430
2855	2855
2021	2021
718	718
3591	3591
592	592
3088	3088
1398	1398
2550	2550
344	344
2431	2431
2344	2344
432	432
2467	2467
2022	2022
472	472
26	26
3132	3132
1855	1855
2305	2305
1619	1619
1658	1658
2432	2432
593	593
831	831
2992	2992
2345	2345
2680	2680
433	433
345	345
2023	2023
719	719
3715	3715
2468	2468
1659	1659
3090	3090
3343	3343
3504	3504
2433	2433
2993	2993
434	434
3895	3895
296	296
3638	3638
346	346
684	684
1479	1479
60	60
3213	3213
1660	1660
2469	2469
3091	3091
2856	2856
2681	2681
3639	3639
3716	3716
347	347
685	685
1480	1480
2716	2716
1399	1399
3593	3593
3261	3261
3214	3214
594	594
435	435
1214	1214
866	866
2551	2551
2857	2857
1130	1130
2306	2306
3386	3386
1917	1917
348	348
2949	2949
687	687
3896	3896
473	473
436	436
3215	3215
2346	2346
1215	1215
1255	1255
3262	3262
1918	1918
3748	3748
1131	1131
1797	1797
3387	3387
688	688
1090	1090
349	349
3897	3897
2168	2168
2347	2347
1620	1620
3594	3594
867	867
1856	1856
438	438
1401	1401
160	160
3263	3263
3092	3092
192	192
1347	1347
2552	2552
2206	2206
1621	1621
1954	1954
2169	2169
1132	1132
2307	2307
3388	3388
691	691
1661	1661
2814	2814
3640	3640
161	161
2717	2717
832	832
2348	2348
2434	2434
868	868
2170	2170
1857	1857
1348	1348
1404	1404
297	297
1955	1955
3093	3093
1524	1524
2308	2308
1662	1662
931	931
2858	2858
550	550
2470	2470
1091	1091
2718	2718
2435	2435
474	474
3595	3595
3641	3641
932	932
3133	3133
1482	1482
1405	1405
551	551
2859	2859
2553	2553
1256	1256
3857	3857
3751	3751
2436	2436
3390	3390
933	933
61	61
2171	2171
350	350
27	27
2587	2587
2554	2554
3135	3135
1919	1919
1257	1257
3858	3858
3505	3505
298	298
720	720
1092	1092
1525	1525
3717	3717
2471	2471
3461	3461
193	193
1920	1920
351	351
3859	3859
595	595
1798	1798
1858	1858
3718	3718
3136	3136
833	833
2994	2994
3860	3860
62	62
2815	2815
3506	3506
352	352
3137	3137
2349	2349
3391	3391
3264	3264
3898	3898
3265	3265
2588	2588
2719	2719
1859	1859
1526	1526
1135	1135
476	476
869	869
63	63
723	723
1136	1136
1527	1527
477	477
3138	3138
1956	1956
3507	3507
870	870
64	64
1407	1407
2861	2861
1137	1137
1258	1258
478	478
2350	2350
1957	1957
3643	3643
3267	3267
65	65
2862	2862
479	479
2351	2351
1860	1860
2720	2720
194	194
872	872
3392	3392
2863	2863
596	596
3268	3268
66	66
1958	1958
2996	2996
353	353
3508	3508
724	724
1528	1528
2352	2352
1861	1861
3644	3644
3393	3393
1140	1140
67	67
2997	2997
1259	1259
2472	2472
597	597
1862	1862
725	725
195	195
68	68
1663	1663
1141	1141
873	873
3753	3753
1863	1863
2589	2589
3899	3899
2353	2353
3754	3754
2999	2999
1864	1864
2590	2590
2354	2354
3141	3141
3900	3900
1959	1959
1408	1408
3755	3755
3269	3269
1865	1865
2474	2474
2355	2355
354	354
3901	3901
3756	3756
1142	1142
3001	3001
2475	2475
480	480
3143	3143
3646	3646
1143	1143
2476	2476
2721	2721
3509	3509
599	599
481	481
3144	3144
1960	1960
3647	3647
875	875
2477	2477
726	726
3510	3510
482	482
2594	2594
3145	3145
3003	3003
600	600
1961	1961
1529	1529
3903	3903
2211	2211
2478	2478
2356	2356
3511	3511
69	69
3146	3146
355	355
3394	3394
1665	1665
196	196
3512	3512
2864	2864
967	967
602	602
1963	1963
1867	1867
2357	2357
197	197
728	728
3395	3395
1666	1666
483	483
603	603
3270	3270
2865	2865
2596	2596
3147	3147
1964	1964
1261	1261
3904	3904
1667	1667
198	198
3648	3648
729	729
3148	3148
1965	1965
877	877
1147	1147
199	199
3905	3905
356	356
2212	2212
3513	3513
70	70
730	730
3649	3649
1409	1409
2866	2866
3396	3396
1868	1868
1148	1148
3271	3271
2722	2722
731	731
200	200
1410	1410
2358	2358
1262	1262
3397	3397
1869	1869
357	357
732	732
2359	2359
3398	3398
1870	1870
1263	1263
604	604
358	358
2723	2723
3757	3757
3005	3005
1668	1668
3399	3399
3514	3514
1535	1535
605	605
359	359
3272	3272
3006	3006
2361	2361
1669	1669
3400	3400
606	606
3273	3273
484	484
1670	1670
3401	3401
201	201
2479	2479
2362	2362
968	968
2724	2724
878	878
3402	3402
1872	1872
202	202
2215	2215
2064	2064
3515	3515
969	969
485	485
1538	1538
3149	3149
2725	2725
1966	1966
3403	3403
2481	2481
203	203
2482	2482
204	204
3150	3150
2597	2597
3151	3151
879	879
205	205
2598	2598
607	607
3152	3152
206	206
3153	3153
971	971
207	207
2868	2868
2726	2726
486	486
3274	3274
208	208
880	880
1967	1967
881	881
209	209
3007	3007
1968	1968
1411	1411
487	487
2065	2065
2727	2727
882	882
488	488
733	733
2870	2870
2216	2216
3404	3404
1969	1969
1412	1412
71	71
2066	2066
3275	3275
2485	2485
2217	2217
1970	1970
3907	3907
72	72
3276	3276
2486	2486
3758	3758
3516	3516
1971	1971
1151	1151
2363	2363
3908	3908
3155	3155
2487	2487
1539	1539
734	734
884	884
489	489
2067	2067
3909	3909
3759	3759
1972	1972
1671	1671
1413	1413
2728	2728
3910	3910
1541	1541
1973	1973
3760	3760
2488	2488
2871	2871
3911	3911
2068	2068
1542	1542
2364	2364
3008	3008
609	609
2872	2872
2599	2599
361	361
3405	3405
1543	1543
1672	1672
3156	3156
2600	2600
1544	1544
3010	3010
3406	3406
211	211
1673	1673
1874	1874
3011	3011
1545	1545
74	74
212	212
1875	1875
3012	3012
3517	3517
736	736
2873	2873
1546	1546
3763	3763
3408	3408
213	213
2729	2729
3013	3013
2874	2874
737	737
3518	3518
3279	3279
1414	1414
2730	2730
3014	3014
2875	2875
3519	3519
3765	3765
75	75
3912	3912
215	215
610	610
362	362
2605	2605
3520	3520
2489	2489
1264	1264
3015	3015
2732	2732
490	490
742	742
2606	2606
2366	2366
743	743
2607	2607
216	216
3913	3913
611	611
1674	1674
1416	1416
491	491
2069	2069
3914	3914
492	492
612	612
2070	2070
1265	1265
3915	3915
1675	1675
2071	2071
3766	3766
745	745
493	493
3409	3409
3916	3916
3767	3767
2072	2072
3016	3016
2876	2876
746	746
494	494
3410	3410
1547	1547
1417	1417
3768	3768
3017	3017
2733	2733
2219	2219
747	747
495	495
1419	1419
3769	3769
2734	2734
3157	3157
76	76
1266	1266
3522	3522
979	979
980	980
1420	1420
885	885
3159	3159
1548	1548
1153	1153
78	78
3160	3160
1676	1676
1267	1267
3770	3770
3282	3282
2735	2735
613	613
3771	3771
3283	3283
2877	2877
1677	1677
1268	1268
2367	2367
2490	2490
3018	3018
3284	3284
2878	2878
748	748
496	496
2368	2368
3917	3917
1678	1678
886	886
3019	3019
1550	1550
749	749
3918	3918
2369	2369
1679	1679
3020	3020
2610	2610
3161	3161
750	750
887	887
3919	3919
1269	1269
2370	2370
1680	1680
79	79
2073	2073
3162	3162
888	888
2881	2881
3920	3920
1681	1681
3021	3021
1421	1421
3524	3524
497	497
3163	3163
981	981
1157	1157
889	889
2882	2882
81	81
1422	1422
498	498
2611	2611
1974	1974
3164	3164
2883	2883
1423	1423
82	82
614	614
2737	2737
3773	3773
1975	1975
891	891
2371	2371
2884	2884
615	615
2075	2075
2738	2738
3774	3774
3412	3412
751	751
1976	1976
2491	2491
1160	1160
2372	2372
1551	1551
84	84
2076	2076
616	616
2739	2739
364	364
499	499
3285	3285
2612	2612
3165	3165
2221	2221
2492	2492
752	752
2740	2740
500	500
2613	2613
365	365
3775	3775
618	618
753	753
1552	1552
3022	3022
3921	3921
982	982
1977	1977
2077	2077
892	892
3776	3776
86	86
3023	3023
3286	3286
983	983
3922	3922
1978	1978
893	893
366	366
2615	2615
87	87
1554	1554
2373	2373
1979	1979
894	894
1270	1270
984	984
1682	1682
1162	1162
1980	1980
3777	3777
1163	1163
985	985
986	986
1164	1164
217	217
1271	1271
2222	2222
88	88
218	218
895	895
2886	2886
3778	3778
367	367
2078	2078
3287	3287
2494	2494
2887	2887
1981	1981
3288	3288
3923	3923
2888	2888
3024	3024
1683	1683
501	501
3779	3779
3653	3653
2889	2889
1272	1272
3025	3025
3525	3525
2375	2375
3654	3654
754	754
896	896
2496	2496
2497	2497
3413	3413
2498	2498
2616	2616
1555	1555
3526	3526
2890	2890
3414	3414
1556	1556
2891	2891
1685	1685
3656	3656
2500	2500
2892	2892
3781	3781
3924	3924
2893	2893
3925	3925
621	621
3782	3782
3926	3926
3783	3783
2376	2376
2501	2501
1686	1686
3927	3927
2377	2377
987	987
1273	1273
897	897
2741	2741
3928	3928
219	219
988	988
2502	2502
502	502
3026	3026
898	898
1274	1274
1557	1557
220	220
3929	3929
989	989
899	899
503	503
3417	3417
3527	3527
2504	2504
626	626
990	990
2743	2743
900	900
3528	3528
2617	2617
1166	1166
2744	2744
991	991
2894	2894
1982	1982
1687	1687
1561	1561
368	368
89	89
3930	3930
1167	1167
992	992
2895	2895
3657	3657
755	755
90	90
3784	3784
369	369
2896	2896
222	222
92	92
901	901
2378	2378
1983	1983
3028	3028
2379	2379
3658	3658
93	93
3529	3529
2505	2505
1984	1984
3029	3029
2380	2380
2898	2898
902	902
993	993
3659	3659
94	94
1275	1275
2079	2079
504	504
1985	1985
627	627
3030	3030
2381	2381
903	903
2506	2506
2745	2745
2226	2226
1276	1276
1986	1986
3031	3031
223	223
2618	2618
628	628
2507	2507
1562	1562
2382	2382
759	759
1168	1168
3032	3032
224	224
1563	1563
3785	3785
3419	3419
2383	2383
95	95
3033	3033
3530	3530
2900	2900
2080	2080
371	371
1564	1564
904	904
1688	1688
3420	3420
2384	2384
96	96
3531	3531
3291	3291
1565	1565
905	905
1689	1689
994	994
3932	3932
372	372
3421	3421
2385	2385
629	629
1690	1690
1278	1278
373	373
3422	3422
3786	3786
3660	3660
225	225
2387	2387
1693	1693
3293	3293
760	760
996	996
1424	1424
1987	1987
227	227
1279	1279
630	630
2081	2081
505	505
1425	1425
2620	2620
3661	3661
3788	3788
1280	1280
228	228
631	631
2508	2508
3662	3662
3789	3789
2749	2749
3294	3294
229	229
1169	1169
2509	2509
1694	1694
1426	1426
1988	1988
3663	3663
2750	2750
230	230
1170	1170
2510	2510
633	633
1989	1989
3664	3664
374	374
1171	1171
2901	2901
2227	2227
634	634
3034	3034
375	375
1990	1990
506	506
635	635
1172	1172
3534	3534
376	376
1281	1281
761	761
3665	3665
3667	3667
997	997
2751	2751
636	636
637	637
2752	2752
998	998
638	638
2753	2753
1173	1173
999	999
2228	2228
639	639
3790	3790
1174	1174
762	762
3535	3535
1175	1175
1000	1000
3668	3668
3536	3536
3669	3669
2622	2622
3537	3537
3670	3670
2623	2623
3791	3791
1177	1177
640	640
377	377
1002	1002
3671	3671
2624	2624
3792	3792
1282	1282
378	378
641	641
2229	2229
1427	1427
1003	1003
231	231
2082	2082
1695	1695
3035	3035
3934	3934
507	507
98	98
2230	2230
1004	1004
1428	1428
2389	2389
2626	2626
2083	2083
3036	3036
1005	1005
99	99
2390	2390
1566	1566
379	379
2084	2084
233	233
907	907
100	100
2391	2391
764	764
1567	1567
380	380
2755	2755
234	234
101	101
3538	3538
2627	2627
381	381
235	235
102	102
3672	3672
3539	3539
2628	2628
1991	1991
236	236
908	908
3673	3673
2511	2511
1696	1696
3540	3540
3793	3793
2902	2902
1283	1283
2085	2085
1992	1992
237	237
3674	3674
645	645
3541	3541
2903	2903
2086	2086
1993	1993
238	238
508	508
1430	1430
647	647
2756	2756
1698	1698
1431	1431
1006	1006
1284	1284
3675	3675
2232	2232
765	765
103	103
1568	1568
2233	2233
1569	1569
104	104
2629	2629
1285	1285
3676	3676
766	766
2234	2234
1570	1570
105	105
2513	2513
1286	1286
239	239
767	767
3936	3936
2514	2514
509	509
2087	2087
2235	2235
2631	2631
909	909
107	107
2757	2757
648	648
3677	3677
1994	1994
1701	1701
510	510
2515	2515
3794	3794
2236	2236
3543	3543
382	382
108	108
3678	3678
1995	1995
1007	1007
1432	1432
2904	2904
383	383
2516	2516
240	240
3544	3544
1996	1996
1008	1008
2905	2905
1573	1573
2088	2088
241	241
1287	1287
1702	1702
3795	3795
2906	2906
2237	2237
2089	2089
242	242
1288	1288
1703	1703
650	650
2238	2238
2758	2758
110	110
243	243
1289	1289
3937	3937
910	910
3679	3679
1009	1009
1290	1290
244	244
511	511
3680	3680
2240	2240
2090	2090
1291	1291
2633	2633
245	245
1704	1704
3681	3681
2091	2091
384	384
246	246
3545	3545
1997	1997
513	513
1010	1010
777	777
2092	2092
385	385
1433	1433
111	111
247	247
2517	2517
3938	3938
1574	1574
1998	1998
1011	1011
778	778
2907	2907
514	514
3797	3797
248	248
1012	1012
2518	2518
3939	3939
1575	1575
386	386
2759	2759
1999	1999
515	515
113	113
249	249
3940	3940
387	387
3798	3798
114	114
516	516
250	250
2093	2093
3546	3546
779	779
2241	2241
2761	2761
912	912
2094	2094
115	115
1292	1292
3547	3547
1013	1013
2634	2634
2242	2242
3941	3941
2762	2762
